#datatype,string,long,dateTime:RFC3339,dateTime:RFC3339,dateTime:RFC3339,string,string,string,string,string,string,string
#group,false,false,true,true,false,false,false,false,false,false,false,false
#default,_result,,,,,,,,,,,
,result,table,_start,_stop,_time,_value,_field,_measurement,name,path,pid,tid
,,0,2024-02-15T15:34:55.554526599Z,2024-03-16T15:34:55.554526599Z,2024-03-16T01:57:08.263642679Z,CREATE,file_event,NFCORE_RANGELAND:RANGELAND:PREPROCESSING:FORCE_PREPROCESS (LT05_L1TP_180036_19970718_20200910_02_T1) (3738),NFCORE_RANGELAND:RANGELAND:PREPROCESSING:FORCE_PREPROCESS (LT05_L1TP_180036_19970718_20200910_02_T1) (3738),/home/jfechner/workflows/rangeland/nextflow-run2/work/c1/351292e1b6fc128ceae140913f7eca/level2_ard/X0111_Y0101.lock,1242967,3738
,,0,2024-02-15T15:34:55.554526599Z,2024-03-16T15:34:55.554526599Z,2024-03-16T01:57:08.294800715Z,CREATE,file_event,NFCORE_RANGELAND:RANGELAND:PREPROCESSING:FORCE_PREPROCESS (LT05_L1TP_180036_19970718_20200910_02_T1) (3738),NFCORE_RANGELAND:RANGELAND:PREPROCESSING:FORCE_PREPROCESS (LT05_L1TP_180036_19970718_20200910_02_T1) (3738),/home/jfechner/workflows/rangeland/nextflow-run2/work/c1/351292e1b6fc128ceae140913f7eca/level2_ard/X0111_Y0101,1242967,3738
,,0,2024-02-15T15:34:55.554526599Z,2024-03-16T15:34:55.554526599Z,2024-03-16T01:57:08.297188844Z,CREATE,file_event,NFCORE_RANGELAND:RANGELAND:PREPROCESSING:FORCE_PREPROCESS (LT05_L1TP_180036_19970718_20200910_02_T1) (3738),NFCORE_RANGELAND:RANGELAND:PREPROCESSING:FORCE_PREPROCESS (LT05_L1TP_180036_19970718_20200910_02_T1) (3738),/home/jfechner/workflows/rangeland/nextflow-run2/work/c1/351292e1b6fc128ceae140913f7eca/level2_ard/X0111_Y0101/19970718_LEVEL2_LND05_QAI.tif,1242967,3738
,,0,2024-02-15T15:34:55.554526599Z,2024-03-16T15:34:55.554526599Z,2024-03-16T01:57:08.299594553Z,CREATE,file_event,NFCORE_RANGELAND:RANGELAND:PREPROCESSING:FORCE_PREPROCESS (LT05_L1TP_180036_19970718_20200910_02_T1) (3738),NFCORE_RANGELAND:RANGELAND:PREPROCESSING:FORCE_PREPROCESS (LT05_L1TP_180036_19970718_20200910_02_T1) (3738),/home/jfechner/workflows/rangeland/nextflow-run2/work/c1/351292e1b6fc128ceae140913f7eca/level2_ard/X0111_Y0101/19970718_LEVEL2_LND05_QAI.tif.lock,1242967,3738
,,0,2024-02-15T15:34:55.554526599Z,2024-03-16T15:34:55.554526599Z,2024-03-16T01:57:08.302145217Z,DELETE,file_event,NFCORE_RANGELAND:RANGELAND:PREPROCESSING:FORCE_PREPROCESS (LT05_L1TP_180036_19970718_20200910_02_T1) (3738),NFCORE_RANGELAND:RANGELAND:PREPROCESSING:FORCE_PREPROCESS (LT05_L1TP_180036_19970718_20200910_02_T1) (3738),/home/jfechner/workflows/rangeland/nextflow-run2/work/c1/351292e1b6fc128ceae140913f7eca/level2_ard/X0111_Y0101.lock,1242967,3738
,,0,2024-02-15T15:34:55.554526599Z,2024-03-16T15:34:55.554526599Z,2024-03-16T01:57:08.303879165Z,CREATE,file_event,NFCORE_RANGELAND:RANGELAND:PREPROCESSING:FORCE_PREPROCESS (LT05_L1TP_180036_19970718_20200910_02_T1) (3738),NFCORE_RANGELAND:RANGELAND:PREPROCESSING:FORCE_PREPROCESS (LT05_L1TP_180036_19970718_20200910_02_T1) (3738),/home/jfechner/workflows/rangeland/nextflow-run2/work/c1/351292e1b6fc128ceae140913f7eca/level2_ard/X0111_Y0101/19970718_LEVEL2_LND05_QAI.tif,1242967,3738
,,0,2024-02-15T15:34:55.554526599Z,2024-03-16T15:34:55.554526599Z,2024-03-16T01:57:08.305758077Z,DELETE,file_event,NFCORE_RANGELAND:RANGELAND:PREPROCESSING:FORCE_PREPROCESS (LT05_L1TP_180036_19970718_20200910_02_T1) (3738),NFCORE_RANGELAND:RANGELAND:PREPROCESSING:FORCE_PREPROCESS (LT05_L1TP_180036_19970718_20200910_02_T1) (3738),/home/jfechner/workflows/rangeland/nextflow-run2/work/c1/351292e1b6fc128ceae140913f7eca/level2_ard/X0111_Y0101/19970718_LEVEL2_LND05_QAI.tif.lock,1242967,3738
,,0,2024-02-15T15:34:55.554526599Z,2024-03-16T15:34:55.554526599Z,2024-03-16T01:57:08.307413741Z,CREATE,file_event,NFCORE_RANGELAND:RANGELAND:PREPROCESSING:FORCE_PREPROCESS (LT05_L1TP_180036_19970718_20200910_02_T1) (3738),NFCORE_RANGELAND:RANGELAND:PREPROCESSING:FORCE_PREPROCESS (LT05_L1TP_180036_19970718_20200910_02_T1) (3738),/home/jfechner/workflows/rangeland/nextflow-run2/work/c1/351292e1b6fc128ceae140913f7eca/level2_prov/provenance_20240316.csv.lock,1242967,3738
,,0,2024-02-15T15:34:55.554526599Z,2024-03-16T15:34:55.554526599Z,2024-03-16T01:57:08.309659885Z,CREATE,file_event,NFCORE_RANGELAND:RANGELAND:PREPROCESSING:FORCE_PREPROCESS (LT05_L1TP_180036_19970718_20200910_02_T1) (3738),NFCORE_RANGELAND:RANGELAND:PREPROCESSING:FORCE_PREPROCESS (LT05_L1TP_180036_19970718_20200910_02_T1) (3738),/home/jfechner/workflows/rangeland/nextflow-run2/work/c1/351292e1b6fc128ceae140913f7eca/level2_prov/provenance_20240316.csv,1242967,3738
,,0,2024-02-15T15:34:55.554526599Z,2024-03-16T15:34:55.554526599Z,2024-03-16T01:57:08.312047444Z,DELETE,file_event,NFCORE_RANGELAND:RANGELAND:PREPROCESSING:FORCE_PREPROCESS (LT05_L1TP_180036_19970718_20200910_02_T1) (3738),NFCORE_RANGELAND:RANGELAND:PREPROCESSING:FORCE_PREPROCESS (LT05_L1TP_180036_19970718_20200910_02_T1) (3738),/home/jfechner/workflows/rangeland/nextflow-run2/work/c1/351292e1b6fc128ceae140913f7eca/level2_prov/provenance_20240316.csv.lock,1242967,3738
,,0,2024-02-15T15:34:55.554526599Z,2024-03-16T15:34:55.554526599Z,2024-03-16T01:57:08.313629306Z,CREATE,file_event,NFCORE_RANGELAND:RANGELAND:PREPROCESSING:FORCE_PREPROCESS (LT05_L1TP_180036_19970718_20200910_02_T1) (3738),NFCORE_RANGELAND:RANGELAND:PREPROCESSING:FORCE_PREPROCESS (LT05_L1TP_180036_19970718_20200910_02_T1) (3738),/home/jfechner/workflows/rangeland/nextflow-run2/work/c1/351292e1b6fc128ceae140913f7eca/level2_ard/X0111_Y0101.lock,1242967,3738
,,0,2024-02-15T15:34:55.554526599Z,2024-03-16T15:34:55.554526599Z,2024-03-16T01:57:08.315723435Z,DELETE,file_event,NFCORE_RANGELAND:RANGELAND:PREPROCESSING:FORCE_PREPROCESS (LT05_L1TP_180036_19970718_20200910_02_T1) (3738),NFCORE_RANGELAND:RANGELAND:PREPROCESSING:FORCE_PREPROCESS (LT05_L1TP_180036_19970718_20200910_02_T1) (3738),/home/jfechner/workflows/rangeland/nextflow-run2/work/c1/351292e1b6fc128ceae140913f7eca/level2_ard/X0111_Y0101.lock,1242967,3738
,,0,2024-02-15T15:34:55.554526599Z,2024-03-16T15:34:55.554526599Z,2024-03-16T01:57:08.317496403Z,CREATE,file_event,NFCORE_RANGELAND:RANGELAND:PREPROCESSING:FORCE_PREPROCESS (LT05_L1TP_180036_19970718_20200910_02_T1) (3738),NFCORE_RANGELAND:RANGELAND:PREPROCESSING:FORCE_PREPROCESS (LT05_L1TP_180036_19970718_20200910_02_T1) (3738),/home/jfechner/workflows/rangeland/nextflow-run2/work/c1/351292e1b6fc128ceae140913f7eca/level2_ard/X0111_Y0101/19970718_LEVEL2_LND05_BOA.tif.lock,1242967,3738
,,0,2024-02-15T15:34:55.554526599Z,2024-03-16T15:34:55.554526599Z,2024-03-16T01:57:08.323366577Z,CREATE,file_event,NFCORE_RANGELAND:RANGELAND:PREPROCESSING:FORCE_PREPROCESS (LT05_L1TP_180036_19970718_20200910_02_T1) (3738),NFCORE_RANGELAND:RANGELAND:PREPROCESSING:FORCE_PREPROCESS (LT05_L1TP_180036_19970718_20200910_02_T1) (3738),/home/jfechner/workflows/rangeland/nextflow-run2/work/c1/351292e1b6fc128ceae140913f7eca/level2_ard/X0111_Y0101/19970718_LEVEL2_LND05_BOA.tif,1242967,3738
,,0,2024-02-15T15:34:55.554526599Z,2024-03-16T15:34:55.554526599Z,2024-03-16T01:57:08.328898989Z,DELETE,file_event,NFCORE_RANGELAND:RANGELAND:PREPROCESSING:FORCE_PREPROCESS (LT05_L1TP_180036_19970718_20200910_02_T1) (3738),NFCORE_RANGELAND:RANGELAND:PREPROCESSING:FORCE_PREPROCESS (LT05_L1TP_180036_19970718_20200910_02_T1) (3738),/home/jfechner/workflows/rangeland/nextflow-run2/work/c1/351292e1b6fc128ceae140913f7eca/level2_ard/X0111_Y0101/19970718_LEVEL2_LND05_BOA.tif.lock,1242967,3738
,,0,2024-02-15T15:34:55.554526599Z,2024-03-16T15:34:55.554526599Z,2024-03-16T01:57:08.331479464Z,CREATE,file_event,NFCORE_RANGELAND:RANGELAND:PREPROCESSING:FORCE_PREPROCESS (LT05_L1TP_180036_19970718_20200910_02_T1) (3738),NFCORE_RANGELAND:RANGELAND:PREPROCESSING:FORCE_PREPROCESS (LT05_L1TP_180036_19970718_20200910_02_T1) (3738),/home/jfechner/workflows/rangeland/nextflow-run2/work/c1/351292e1b6fc128ceae140913f7eca/level2_prov/provenance_20240316.csv.lock,1242967,3738
,,0,2024-02-15T15:34:55.554526599Z,2024-03-16T15:34:55.554526599Z,2024-03-16T01:57:08.334033568Z,DELETE,file_event,NFCORE_RANGELAND:RANGELAND:PREPROCESSING:FORCE_PREPROCESS (LT05_L1TP_180036_19970718_20200910_02_T1) (3738),NFCORE_RANGELAND:RANGELAND:PREPROCESSING:FORCE_PREPROCESS (LT05_L1TP_180036_19970718_20200910_02_T1) (3738),/home/jfechner/workflows/rangeland/nextflow-run2/work/c1/351292e1b6fc128ceae140913f7eca/level2_prov/provenance_20240316.csv.lock,1242967,3738
,,0,2024-02-15T15:34:55.554526599Z,2024-03-16T15:34:55.554526599Z,2024-03-16T01:57:08.336403356Z,CREATE,file_event,NFCORE_RANGELAND:RANGELAND:PREPROCESSING:FORCE_PREPROCESS (LT05_L1TP_180036_19970718_20200910_02_T1) (3738),NFCORE_RANGELAND:RANGELAND:PREPROCESSING:FORCE_PREPROCESS (LT05_L1TP_180036_19970718_20200910_02_T1) (3738),/home/jfechner/workflows/rangeland/nextflow-run2/work/c1/351292e1b6fc128ceae140913f7eca/level2_ard/X0111_Y0101.lock,1242967,3738
,,0,2024-02-15T15:34:55.554526599Z,2024-03-16T15:34:55.554526599Z,2024-03-16T01:57:08.338806715Z,DELETE,file_event,NFCORE_RANGELAND:RANGELAND:PREPROCESSING:FORCE_PREPROCESS (LT05_L1TP_180036_19970718_20200910_02_T1) (3738),NFCORE_RANGELAND:RANGELAND:PREPROCESSING:FORCE_PREPROCESS (LT05_L1TP_180036_19970718_20200910_02_T1) (3738),/home/jfechner/workflows/rangeland/nextflow-run2/work/c1/351292e1b6fc128ceae140913f7eca/level2_ard/X0111_Y0101.lock,1242967,3738
,,0,2024-02-15T15:34:55.554526599Z,2024-03-16T15:34:55.554526599Z,2024-03-16T01:57:08.341547295Z,CREATE,file_event,NFCORE_RANGELAND:RANGELAND:PREPROCESSING:FORCE_PREPROCESS (LT05_L1TP_180036_19970718_20200910_02_T1) (3738),NFCORE_RANGELAND:RANGELAND:PREPROCESSING:FORCE_PREPROCESS (LT05_L1TP_180036_19970718_20200910_02_T1) (3738),/home/jfechner/workflows/rangeland/nextflow-run2/work/c1/351292e1b6fc128ceae140913f7eca/level2_ard/X0111_Y0101/19970718_LEVEL2_LND05_OVV.jpg.lock,1242967,3738
,,0,2024-02-15T15:34:55.554526599Z,2024-03-16T15:34:55.554526599Z,2024-03-16T01:57:08.344304856Z,CREATE,file_event,NFCORE_RANGELAND:RANGELAND:PREPROCESSING:FORCE_PREPROCESS (LT05_L1TP_180036_19970718_20200910_02_T1) (3738),NFCORE_RANGELAND:RANGELAND:PREPROCESSING:FORCE_PREPROCESS (LT05_L1TP_180036_19970718_20200910_02_T1) (3738),/home/jfechner/workflows/rangeland/nextflow-run2/work/c1/351292e1b6fc128ceae140913f7eca/level2_ard/X0111_Y0101/19970718_LEVEL2_LND05_OVV.jpg,1242967,3738
,,0,2024-02-15T15:34:55.554526599Z,2024-03-16T15:34:55.554526599Z,2024-03-16T01:57:08.346975294Z,DELETE,file_event,NFCORE_RANGELAND:RANGELAND:PREPROCESSING:FORCE_PREPROCESS (LT05_L1TP_180036_19970718_20200910_02_T1) (3738),NFCORE_RANGELAND:RANGELAND:PREPROCESSING:FORCE_PREPROCESS (LT05_L1TP_180036_19970718_20200910_02_T1) (3738),/home/jfechner/workflows/rangeland/nextflow-run2/work/c1/351292e1b6fc128ceae140913f7eca/level2_ard/X0111_Y0101/19970718_LEVEL2_LND05_OVV.jpg.lock,1242967,3738
,,0,2024-02-15T15:34:55.554526599Z,2024-03-16T15:34:55.554526599Z,2024-03-16T01:57:08.348619028Z,CREATE,file_event,NFCORE_RANGELAND:RANGELAND:PREPROCESSING:FORCE_PREPROCESS (LT05_L1TP_180036_19970718_20200910_02_T1) (3738),NFCORE_RANGELAND:RANGELAND:PREPROCESSING:FORCE_PREPROCESS (LT05_L1TP_180036_19970718_20200910_02_T1) (3738),/home/jfechner/workflows/rangeland/nextflow-run2/work/c1/351292e1b6fc128ceae140913f7eca/level2_prov/provenance_20240316.csv.lock,1242967,3738
,,0,2024-02-15T15:34:55.554526599Z,2024-03-16T15:34:55.554526599Z,2024-03-16T01:57:08.351196663Z,DELETE,file_event,NFCORE_RANGELAND:RANGELAND:PREPROCESSING:FORCE_PREPROCESS (LT05_L1TP_180036_19970718_20200910_02_T1) (3738),NFCORE_RANGELAND:RANGELAND:PREPROCESSING:FORCE_PREPROCESS (LT05_L1TP_180036_19970718_20200910_02_T1) (3738),/home/jfechner/workflows/rangeland/nextflow-run2/work/c1/351292e1b6fc128ceae140913f7eca/level2_prov/provenance_20240316.csv.lock,1242967,3738
,,0,2024-02-15T15:34:55.554526599Z,2024-03-16T15:34:55.554526599Z,2024-03-16T01:57:08.377707787Z,CREATE,file_event,NFCORE_RANGELAND:RANGELAND:PREPROCESSING:FORCE_PREPROCESS (LT05_L1TP_180036_19970718_20200910_02_T1) (3738),NFCORE_RANGELAND:RANGELAND:PREPROCESSING:FORCE_PREPROCESS (LT05_L1TP_180036_19970718_20200910_02_T1) (3738),/home/jfechner/workflows/rangeland/nextflow-run2/work/c1/351292e1b6fc128ceae140913f7eca/level2_ard/X0111_Y0102.lock,1242967,3738
,,0,2024-02-15T15:34:55.554526599Z,2024-03-16T15:34:55.554526599Z,2024-03-16T01:57:08.381307235Z,CREATE,file_event,NFCORE_RANGELAND:RANGELAND:PREPROCESSING:FORCE_PREPROCESS (LT05_L1TP_180036_19970718_20200910_02_T1) (3738),NFCORE_RANGELAND:RANGELAND:PREPROCESSING:FORCE_PREPROCESS (LT05_L1TP_180036_19970718_20200910_02_T1) (3738),/home/jfechner/workflows/rangeland/nextflow-run2/work/c1/351292e1b6fc128ceae140913f7eca/level2_ard/X0111_Y0102,1242967,3738
,,0,2024-02-15T15:34:55.554526599Z,2024-03-16T15:34:55.554526599Z,2024-03-16T01:57:08.3850992Z,CREATE,file_event,NFCORE_RANGELAND:RANGELAND:PREPROCESSING:FORCE_PREPROCESS (LT05_L1TP_180036_19970718_20200910_02_T1) (3738),NFCORE_RANGELAND:RANGELAND:PREPROCESSING:FORCE_PREPROCESS (LT05_L1TP_180036_19970718_20200910_02_T1) (3738),/home/jfechner/workflows/rangeland/nextflow-run2/work/c1/351292e1b6fc128ceae140913f7eca/level2_ard/X0111_Y0102/19970718_LEVEL2_LND05_QAI.tif,1242967,3738
,,0,2024-02-15T15:34:55.554526599Z,2024-03-16T15:34:55.554526599Z,2024-03-16T01:57:08.388324196Z,CREATE,file_event,NFCORE_RANGELAND:RANGELAND:PREPROCESSING:FORCE_PREPROCESS (LT05_L1TP_180036_19970718_20200910_02_T1) (3738),NFCORE_RANGELAND:RANGELAND:PREPROCESSING:FORCE_PREPROCESS (LT05_L1TP_180036_19970718_20200910_02_T1) (3738),/home/jfechner/workflows/rangeland/nextflow-run2/work/c1/351292e1b6fc128ceae140913f7eca/level2_ard/X0111_Y0102/19970718_LEVEL2_LND05_QAI.tif.lock,1242967,3738
,,0,2024-02-15T15:34:55.554526599Z,2024-03-16T15:34:55.554526599Z,2024-03-16T01:57:08.391003335Z,DELETE,file_event,NFCORE_RANGELAND:RANGELAND:PREPROCESSING:FORCE_PREPROCESS (LT05_L1TP_180036_19970718_20200910_02_T1) (3738),NFCORE_RANGELAND:RANGELAND:PREPROCESSING:FORCE_PREPROCESS (LT05_L1TP_180036_19970718_20200910_02_T1) (3738),/home/jfechner/workflows/rangeland/nextflow-run2/work/c1/351292e1b6fc128ceae140913f7eca/level2_ard/X0111_Y0102.lock,1242967,3738
,,0,2024-02-15T15:34:55.554526599Z,2024-03-16T15:34:55.554526599Z,2024-03-16T01:57:08.392782433Z,CREATE,file_event,NFCORE_RANGELAND:RANGELAND:PREPROCESSING:FORCE_PREPROCESS (LT05_L1TP_180036_19970718_20200910_02_T1) (3738),NFCORE_RANGELAND:RANGELAND:PREPROCESSING:FORCE_PREPROCESS (LT05_L1TP_180036_19970718_20200910_02_T1) (3738),/home/jfechner/workflows/rangeland/nextflow-run2/work/c1/351292e1b6fc128ceae140913f7eca/level2_ard/X0111_Y0102/19970718_LEVEL2_LND05_QAI.tif,1242967,3738
,,0,2024-02-15T15:34:55.554526599Z,2024-03-16T15:34:55.554526599Z,2024-03-16T01:57:08.394461868Z,DELETE,file_event,NFCORE_RANGELAND:RANGELAND:PREPROCESSING:FORCE_PREPROCESS (LT05_L1TP_180036_19970718_20200910_02_T1) (3738),NFCORE_RANGELAND:RANGELAND:PREPROCESSING:FORCE_PREPROCESS (LT05_L1TP_180036_19970718_20200910_02_T1) (3738),/home/jfechner/workflows/rangeland/nextflow-run2/work/c1/351292e1b6fc128ceae140913f7eca/level2_ard/X0111_Y0102/19970718_LEVEL2_LND05_QAI.tif.lock,1242967,3738
,,0,2024-02-15T15:34:55.554526599Z,2024-03-16T15:34:55.554526599Z,2024-03-16T01:57:08.396314329Z,CREATE,file_event,NFCORE_RANGELAND:RANGELAND:PREPROCESSING:FORCE_PREPROCESS (LT05_L1TP_180036_19970718_20200910_02_T1) (3738),NFCORE_RANGELAND:RANGELAND:PREPROCESSING:FORCE_PREPROCESS (LT05_L1TP_180036_19970718_20200910_02_T1) (3738),/home/jfechner/workflows/rangeland/nextflow-run2/work/c1/351292e1b6fc128ceae140913f7eca/level2_prov/provenance_20240316.csv.lock,1242967,3738
,,0,2024-02-15T15:34:55.554526599Z,2024-03-16T15:34:55.554526599Z,2024-03-16T01:57:08.398061387Z,DELETE,file_event,NFCORE_RANGELAND:RANGELAND:PREPROCESSING:FORCE_PREPROCESS (LT05_L1TP_180036_19970718_20200910_02_T1) (3738),NFCORE_RANGELAND:RANGELAND:PREPROCESSING:FORCE_PREPROCESS (LT05_L1TP_180036_19970718_20200910_02_T1) (3738),/home/jfechner/workflows/rangeland/nextflow-run2/work/c1/351292e1b6fc128ceae140913f7eca/level2_prov/provenance_20240316.csv.lock,1242967,3738
,,0,2024-02-15T15:34:55.554526599Z,2024-03-16T15:34:55.554526599Z,2024-03-16T01:57:08.399783564Z,CREATE,file_event,NFCORE_RANGELAND:RANGELAND:PREPROCESSING:FORCE_PREPROCESS (LT05_L1TP_180036_19970718_20200910_02_T1) (3738),NFCORE_RANGELAND:RANGELAND:PREPROCESSING:FORCE_PREPROCESS (LT05_L1TP_180036_19970718_20200910_02_T1) (3738),/home/jfechner/workflows/rangeland/nextflow-run2/work/c1/351292e1b6fc128ceae140913f7eca/level2_ard/X0111_Y0102.lock,1242967,3738
,,0,2024-02-15T15:34:55.554526599Z,2024-03-16T15:34:55.554526599Z,2024-03-16T01:57:08.402043078Z,DELETE,file_event,NFCORE_RANGELAND:RANGELAND:PREPROCESSING:FORCE_PREPROCESS (LT05_L1TP_180036_19970718_20200910_02_T1) (3738),NFCORE_RANGELAND:RANGELAND:PREPROCESSING:FORCE_PREPROCESS (LT05_L1TP_180036_19970718_20200910_02_T1) (3738),/home/jfechner/workflows/rangeland/nextflow-run2/work/c1/351292e1b6fc128ceae140913f7eca/level2_ard/X0111_Y0102.lock,1242967,3738
,,0,2024-02-15T15:34:55.554526599Z,2024-03-16T15:34:55.554526599Z,2024-03-16T01:57:08.404388135Z,CREATE,file_event,NFCORE_RANGELAND:RANGELAND:PREPROCESSING:FORCE_PREPROCESS (LT05_L1TP_180036_19970718_20200910_02_T1) (3738),NFCORE_RANGELAND:RANGELAND:PREPROCESSING:FORCE_PREPROCESS (LT05_L1TP_180036_19970718_20200910_02_T1) (3738),/home/jfechner/workflows/rangeland/nextflow-run2/work/c1/351292e1b6fc128ceae140913f7eca/level2_ard/X0111_Y0102/19970718_LEVEL2_LND05_BOA.tif.lock,1242967,3738
,,0,2024-02-15T15:34:55.554526599Z,2024-03-16T15:34:55.554526599Z,2024-03-16T01:57:08.410176646Z,CREATE,file_event,NFCORE_RANGELAND:RANGELAND:PREPROCESSING:FORCE_PREPROCESS (LT05_L1TP_180036_19970718_20200910_02_T1) (3738),NFCORE_RANGELAND:RANGELAND:PREPROCESSING:FORCE_PREPROCESS (LT05_L1TP_180036_19970718_20200910_02_T1) (3738),/home/jfechner/workflows/rangeland/nextflow-run2/work/c1/351292e1b6fc128ceae140913f7eca/level2_ard/X0111_Y0102/19970718_LEVEL2_LND05_BOA.tif,1242967,3738
,,0,2024-02-15T15:34:55.554526599Z,2024-03-16T15:34:55.554526599Z,2024-03-16T01:57:08.422467331Z,DELETE,file_event,NFCORE_RANGELAND:RANGELAND:PREPROCESSING:FORCE_PREPROCESS (LT05_L1TP_180036_19970718_20200910_02_T1) (3738),NFCORE_RANGELAND:RANGELAND:PREPROCESSING:FORCE_PREPROCESS (LT05_L1TP_180036_19970718_20200910_02_T1) (3738),/home/jfechner/workflows/rangeland/nextflow-run2/work/c1/351292e1b6fc128ceae140913f7eca/level2_ard/X0111_Y0102/19970718_LEVEL2_LND05_BOA.tif.lock,1242967,3738
,,0,2024-02-15T15:34:55.554526599Z,2024-03-16T15:34:55.554526599Z,2024-03-16T01:57:08.42546383Z,CREATE,file_event,NFCORE_RANGELAND:RANGELAND:PREPROCESSING:FORCE_PREPROCESS (LT05_L1TP_180036_19970718_20200910_02_T1) (3738),NFCORE_RANGELAND:RANGELAND:PREPROCESSING:FORCE_PREPROCESS (LT05_L1TP_180036_19970718_20200910_02_T1) (3738),/home/jfechner/workflows/rangeland/nextflow-run2/work/c1/351292e1b6fc128ceae140913f7eca/level2_prov/provenance_20240316.csv.lock,1242967,3738
,,0,2024-02-15T15:34:55.554526599Z,2024-03-16T15:34:55.554526599Z,2024-03-16T01:57:08.428049875Z,DELETE,file_event,NFCORE_RANGELAND:RANGELAND:PREPROCESSING:FORCE_PREPROCESS (LT05_L1TP_180036_19970718_20200910_02_T1) (3738),NFCORE_RANGELAND:RANGELAND:PREPROCESSING:FORCE_PREPROCESS (LT05_L1TP_180036_19970718_20200910_02_T1) (3738),/home/jfechner/workflows/rangeland/nextflow-run2/work/c1/351292e1b6fc128ceae140913f7eca/level2_prov/provenance_20240316.csv.lock,1242967,3738
,,0,2024-02-15T15:34:55.554526599Z,2024-03-16T15:34:55.554526599Z,2024-03-16T01:57:08.430688582Z,CREATE,file_event,NFCORE_RANGELAND:RANGELAND:PREPROCESSING:FORCE_PREPROCESS (LT05_L1TP_180036_19970718_20200910_02_T1) (3738),NFCORE_RANGELAND:RANGELAND:PREPROCESSING:FORCE_PREPROCESS (LT05_L1TP_180036_19970718_20200910_02_T1) (3738),/home/jfechner/workflows/rangeland/nextflow-run2/work/c1/351292e1b6fc128ceae140913f7eca/level2_ard/X0111_Y0102.lock,1242967,3738
,,0,2024-02-15T15:34:55.554526599Z,2024-03-16T15:34:55.554526599Z,2024-03-16T01:57:08.433284577Z,DELETE,file_event,NFCORE_RANGELAND:RANGELAND:PREPROCESSING:FORCE_PREPROCESS (LT05_L1TP_180036_19970718_20200910_02_T1) (3738),NFCORE_RANGELAND:RANGELAND:PREPROCESSING:FORCE_PREPROCESS (LT05_L1TP_180036_19970718_20200910_02_T1) (3738),/home/jfechner/workflows/rangeland/nextflow-run2/work/c1/351292e1b6fc128ceae140913f7eca/level2_ard/X0111_Y0102.lock,1242967,3738
,,0,2024-02-15T15:34:55.554526599Z,2024-03-16T15:34:55.554526599Z,2024-03-16T01:57:08.435059976Z,CREATE,file_event,NFCORE_RANGELAND:RANGELAND:PREPROCESSING:FORCE_PREPROCESS (LT05_L1TP_180036_19970718_20200910_02_T1) (3738),NFCORE_RANGELAND:RANGELAND:PREPROCESSING:FORCE_PREPROCESS (LT05_L1TP_180036_19970718_20200910_02_T1) (3738),/home/jfechner/workflows/rangeland/nextflow-run2/work/c1/351292e1b6fc128ceae140913f7eca/level2_ard/X0111_Y0102/19970718_LEVEL2_LND05_OVV.jpg.lock,1242967,3738
,,0,2024-02-15T15:34:55.554526599Z,2024-03-16T15:34:55.554526599Z,2024-03-16T01:57:08.437949001Z,CREATE,file_event,NFCORE_RANGELAND:RANGELAND:PREPROCESSING:FORCE_PREPROCESS (LT05_L1TP_180036_19970718_20200910_02_T1) (3738),NFCORE_RANGELAND:RANGELAND:PREPROCESSING:FORCE_PREPROCESS (LT05_L1TP_180036_19970718_20200910_02_T1) (3738),/home/jfechner/workflows/rangeland/nextflow-run2/work/c1/351292e1b6fc128ceae140913f7eca/level2_ard/X0111_Y0102/19970718_LEVEL2_LND05_OVV.jpg,1242967,3738
,,0,2024-02-15T15:34:55.554526599Z,2024-03-16T15:34:55.554526599Z,2024-03-16T01:57:08.440906208Z,DELETE,file_event,NFCORE_RANGELAND:RANGELAND:PREPROCESSING:FORCE_PREPROCESS (LT05_L1TP_180036_19970718_20200910_02_T1) (3738),NFCORE_RANGELAND:RANGELAND:PREPROCESSING:FORCE_PREPROCESS (LT05_L1TP_180036_19970718_20200910_02_T1) (3738),/home/jfechner/workflows/rangeland/nextflow-run2/work/c1/351292e1b6fc128ceae140913f7eca/level2_ard/X0111_Y0102/19970718_LEVEL2_LND05_OVV.jpg.lock,1242967,3738
,,0,2024-02-15T15:34:55.554526599Z,2024-03-16T15:34:55.554526599Z,2024-03-16T01:57:08.443099401Z,CREATE,file_event,NFCORE_RANGELAND:RANGELAND:PREPROCESSING:FORCE_PREPROCESS (LT05_L1TP_180036_19970718_20200910_02_T1) (3738),NFCORE_RANGELAND:RANGELAND:PREPROCESSING:FORCE_PREPROCESS (LT05_L1TP_180036_19970718_20200910_02_T1) (3738),/home/jfechner/workflows/rangeland/nextflow-run2/work/c1/351292e1b6fc128ceae140913f7eca/level2_prov/provenance_20240316.csv.lock,1242967,3738
,,0,2024-02-15T15:34:55.554526599Z,2024-03-16T15:34:55.554526599Z,2024-03-16T01:57:08.445190429Z,DELETE,file_event,NFCORE_RANGELAND:RANGELAND:PREPROCESSING:FORCE_PREPROCESS (LT05_L1TP_180036_19970718_20200910_02_T1) (3738),NFCORE_RANGELAND:RANGELAND:PREPROCESSING:FORCE_PREPROCESS (LT05_L1TP_180036_19970718_20200910_02_T1) (3738),/home/jfechner/workflows/rangeland/nextflow-run2/work/c1/351292e1b6fc128ceae140913f7eca/level2_prov/provenance_20240316.csv.lock,1242967,3738
,,0,2024-02-15T15:34:55.554526599Z,2024-03-16T15:34:55.554526599Z,2024-03-16T01:57:08.466648516Z,CREATE,file_event,NFCORE_RANGELAND:RANGELAND:PREPROCESSING:FORCE_PREPROCESS (LT05_L1TP_180036_19970718_20200910_02_T1) (3738),NFCORE_RANGELAND:RANGELAND:PREPROCESSING:FORCE_PREPROCESS (LT05_L1TP_180036_19970718_20200910_02_T1) (3738),/home/jfechner/workflows/rangeland/nextflow-run2/work/c1/351292e1b6fc128ceae140913f7eca/level2_ard/X0111_Y0103.lock,1242967,3738
,,0,2024-02-15T15:34:55.554526599Z,2024-03-16T15:34:55.554526599Z,2024-03-16T01:57:08.46949636Z,CREATE,file_event,NFCORE_RANGELAND:RANGELAND:PREPROCESSING:FORCE_PREPROCESS (LT05_L1TP_180036_19970718_20200910_02_T1) (3738),NFCORE_RANGELAND:RANGELAND:PREPROCESSING:FORCE_PREPROCESS (LT05_L1TP_180036_19970718_20200910_02_T1) (3738),/home/jfechner/workflows/rangeland/nextflow-run2/work/c1/351292e1b6fc128ceae140913f7eca/level2_ard/X0111_Y0103,1242967,3738
,,0,2024-02-15T15:34:55.554526599Z,2024-03-16T15:34:55.554526599Z,2024-03-16T01:57:08.472011263Z,CREATE,file_event,NFCORE_RANGELAND:RANGELAND:PREPROCESSING:FORCE_PREPROCESS (LT05_L1TP_180036_19970718_20200910_02_T1) (3738),NFCORE_RANGELAND:RANGELAND:PREPROCESSING:FORCE_PREPROCESS (LT05_L1TP_180036_19970718_20200910_02_T1) (3738),/home/jfechner/workflows/rangeland/nextflow-run2/work/c1/351292e1b6fc128ceae140913f7eca/level2_ard/X0111_Y0103/19970718_LEVEL2_LND05_QAI.tif,1242967,3738
,,0,2024-02-15T15:34:55.554526599Z,2024-03-16T15:34:55.554526599Z,2024-03-16T01:57:08.475514238Z,CREATE,file_event,NFCORE_RANGELAND:RANGELAND:PREPROCESSING:FORCE_PREPROCESS (LT05_L1TP_180036_19970718_20200910_02_T1) (3738),NFCORE_RANGELAND:RANGELAND:PREPROCESSING:FORCE_PREPROCESS (LT05_L1TP_180036_19970718_20200910_02_T1) (3738),/home/jfechner/workflows/rangeland/nextflow-run2/work/c1/351292e1b6fc128ceae140913f7eca/level2_ard/X0111_Y0103/19970718_LEVEL2_LND05_QAI.tif.lock,1242967,3738
,,0,2024-02-15T15:34:55.554526599Z,2024-03-16T15:34:55.554526599Z,2024-03-16T01:57:08.478730674Z,DELETE,file_event,NFCORE_RANGELAND:RANGELAND:PREPROCESSING:FORCE_PREPROCESS (LT05_L1TP_180036_19970718_20200910_02_T1) (3738),NFCORE_RANGELAND:RANGELAND:PREPROCESSING:FORCE_PREPROCESS (LT05_L1TP_180036_19970718_20200910_02_T1) (3738),/home/jfechner/workflows/rangeland/nextflow-run2/work/c1/351292e1b6fc128ceae140913f7eca/level2_ard/X0111_Y0103.lock,1242967,3738
,,0,2024-02-15T15:34:55.554526599Z,2024-03-16T15:34:55.554526599Z,2024-03-16T01:57:08.480497572Z,CREATE,file_event,NFCORE_RANGELAND:RANGELAND:PREPROCESSING:FORCE_PREPROCESS (LT05_L1TP_180036_19970718_20200910_02_T1) (3738),NFCORE_RANGELAND:RANGELAND:PREPROCESSING:FORCE_PREPROCESS (LT05_L1TP_180036_19970718_20200910_02_T1) (3738),/home/jfechner/workflows/rangeland/nextflow-run2/work/c1/351292e1b6fc128ceae140913f7eca/level2_ard/X0111_Y0103/19970718_LEVEL2_LND05_QAI.tif,1242967,3738
,,0,2024-02-15T15:34:55.554526599Z,2024-03-16T15:34:55.554526599Z,2024-03-16T01:57:08.482819469Z,DELETE,file_event,NFCORE_RANGELAND:RANGELAND:PREPROCESSING:FORCE_PREPROCESS (LT05_L1TP_180036_19970718_20200910_02_T1) (3738),NFCORE_RANGELAND:RANGELAND:PREPROCESSING:FORCE_PREPROCESS (LT05_L1TP_180036_19970718_20200910_02_T1) (3738),/home/jfechner/workflows/rangeland/nextflow-run2/work/c1/351292e1b6fc128ceae140913f7eca/level2_ard/X0111_Y0103/19970718_LEVEL2_LND05_QAI.tif.lock,1242967,3738
,,0,2024-02-15T15:34:55.554526599Z,2024-03-16T15:34:55.554526599Z,2024-03-16T01:57:08.484886087Z,CREATE,file_event,NFCORE_RANGELAND:RANGELAND:PREPROCESSING:FORCE_PREPROCESS (LT05_L1TP_180036_19970718_20200910_02_T1) (3738),NFCORE_RANGELAND:RANGELAND:PREPROCESSING:FORCE_PREPROCESS (LT05_L1TP_180036_19970718_20200910_02_T1) (3738),/home/jfechner/workflows/rangeland/nextflow-run2/work/c1/351292e1b6fc128ceae140913f7eca/level2_prov/provenance_20240316.csv.lock,1242967,3738
,,0,2024-02-15T15:34:55.554526599Z,2024-03-16T15:34:55.554526599Z,2024-03-16T01:57:08.488391573Z,DELETE,file_event,NFCORE_RANGELAND:RANGELAND:PREPROCESSING:FORCE_PREPROCESS (LT05_L1TP_180036_19970718_20200910_02_T1) (3738),NFCORE_RANGELAND:RANGELAND:PREPROCESSING:FORCE_PREPROCESS (LT05_L1TP_180036_19970718_20200910_02_T1) (3738),/home/jfechner/workflows/rangeland/nextflow-run2/work/c1/351292e1b6fc128ceae140913f7eca/level2_prov/provenance_20240316.csv.lock,1242967,3738
,,0,2024-02-15T15:34:55.554526599Z,2024-03-16T15:34:55.554526599Z,2024-03-16T01:57:08.491817665Z,CREATE,file_event,NFCORE_RANGELAND:RANGELAND:PREPROCESSING:FORCE_PREPROCESS (LT05_L1TP_180036_19970718_20200910_02_T1) (3738),NFCORE_RANGELAND:RANGELAND:PREPROCESSING:FORCE_PREPROCESS (LT05_L1TP_180036_19970718_20200910_02_T1) (3738),/home/jfechner/workflows/rangeland/nextflow-run2/work/c1/351292e1b6fc128ceae140913f7eca/level2_ard/X0111_Y0103.lock,1242967,3738
,,0,2024-02-15T15:34:55.554526599Z,2024-03-16T15:34:55.554526599Z,2024-03-16T01:57:08.494709281Z,DELETE,file_event,NFCORE_RANGELAND:RANGELAND:PREPROCESSING:FORCE_PREPROCESS (LT05_L1TP_180036_19970718_20200910_02_T1) (3738),NFCORE_RANGELAND:RANGELAND:PREPROCESSING:FORCE_PREPROCESS (LT05_L1TP_180036_19970718_20200910_02_T1) (3738),/home/jfechner/workflows/rangeland/nextflow-run2/work/c1/351292e1b6fc128ceae140913f7eca/level2_ard/X0111_Y0103.lock,1242967,3738
,,0,2024-02-15T15:34:55.554526599Z,2024-03-16T15:34:55.554526599Z,2024-03-16T01:57:08.496600103Z,CREATE,file_event,NFCORE_RANGELAND:RANGELAND:PREPROCESSING:FORCE_PREPROCESS (LT05_L1TP_180036_19970718_20200910_02_T1) (3738),NFCORE_RANGELAND:RANGELAND:PREPROCESSING:FORCE_PREPROCESS (LT05_L1TP_180036_19970718_20200910_02_T1) (3738),/home/jfechner/workflows/rangeland/nextflow-run2/work/c1/351292e1b6fc128ceae140913f7eca/level2_ard/X0111_Y0103/19970718_LEVEL2_LND05_BOA.tif.lock,1242967,3738
,,0,2024-02-15T15:34:55.554526599Z,2024-03-16T15:34:55.554526599Z,2024-03-16T01:57:08.499456337Z,CREATE,file_event,NFCORE_RANGELAND:RANGELAND:PREPROCESSING:FORCE_PREPROCESS (LT05_L1TP_180036_19970718_20200910_02_T1) (3738),NFCORE_RANGELAND:RANGELAND:PREPROCESSING:FORCE_PREPROCESS (LT05_L1TP_180036_19970718_20200910_02_T1) (3738),/home/jfechner/workflows/rangeland/nextflow-run2/work/c1/351292e1b6fc128ceae140913f7eca/level2_ard/X0111_Y0103/19970718_LEVEL2_LND05_BOA.tif,1242967,3738
,,0,2024-02-15T15:34:55.554526599Z,2024-03-16T15:34:55.554526599Z,2024-03-16T01:57:08.503834261Z,DELETE,file_event,NFCORE_RANGELAND:RANGELAND:PREPROCESSING:FORCE_PREPROCESS (LT05_L1TP_180036_19970718_20200910_02_T1) (3738),NFCORE_RANGELAND:RANGELAND:PREPROCESSING:FORCE_PREPROCESS (LT05_L1TP_180036_19970718_20200910_02_T1) (3738),/home/jfechner/workflows/rangeland/nextflow-run2/work/c1/351292e1b6fc128ceae140913f7eca/level2_ard/X0111_Y0103/19970718_LEVEL2_LND05_BOA.tif.lock,1242967,3738
,,0,2024-02-15T15:34:55.554526599Z,2024-03-16T15:34:55.554526599Z,2024-03-16T01:57:08.506659964Z,CREATE,file_event,NFCORE_RANGELAND:RANGELAND:PREPROCESSING:FORCE_PREPROCESS (LT05_L1TP_180036_19970718_20200910_02_T1) (3738),NFCORE_RANGELAND:RANGELAND:PREPROCESSING:FORCE_PREPROCESS (LT05_L1TP_180036_19970718_20200910_02_T1) (3738),/home/jfechner/workflows/rangeland/nextflow-run2/work/c1/351292e1b6fc128ceae140913f7eca/level2_prov/provenance_20240316.csv.lock,1242967,3738
,,0,2024-02-15T15:34:55.554526599Z,2024-03-16T15:34:55.554526599Z,2024-03-16T01:57:08.509516238Z,DELETE,file_event,NFCORE_RANGELAND:RANGELAND:PREPROCESSING:FORCE_PREPROCESS (LT05_L1TP_180036_19970718_20200910_02_T1) (3738),NFCORE_RANGELAND:RANGELAND:PREPROCESSING:FORCE_PREPROCESS (LT05_L1TP_180036_19970718_20200910_02_T1) (3738),/home/jfechner/workflows/rangeland/nextflow-run2/work/c1/351292e1b6fc128ceae140913f7eca/level2_prov/provenance_20240316.csv.lock,1242967,3738
,,0,2024-02-15T15:34:55.554526599Z,2024-03-16T15:34:55.554526599Z,2024-03-16T01:57:08.511451452Z,CREATE,file_event,NFCORE_RANGELAND:RANGELAND:PREPROCESSING:FORCE_PREPROCESS (LT05_L1TP_180036_19970718_20200910_02_T1) (3738),NFCORE_RANGELAND:RANGELAND:PREPROCESSING:FORCE_PREPROCESS (LT05_L1TP_180036_19970718_20200910_02_T1) (3738),/home/jfechner/workflows/rangeland/nextflow-run2/work/c1/351292e1b6fc128ceae140913f7eca/level2_ard/X0111_Y0103.lock,1242967,3738
,,0,2024-02-15T15:34:55.554526599Z,2024-03-16T15:34:55.554526599Z,2024-03-16T01:57:08.51319731Z,DELETE,file_event,NFCORE_RANGELAND:RANGELAND:PREPROCESSING:FORCE_PREPROCESS (LT05_L1TP_180036_19970718_20200910_02_T1) (3738),NFCORE_RANGELAND:RANGELAND:PREPROCESSING:FORCE_PREPROCESS (LT05_L1TP_180036_19970718_20200910_02_T1) (3738),/home/jfechner/workflows/rangeland/nextflow-run2/work/c1/351292e1b6fc128ceae140913f7eca/level2_ard/X0111_Y0103.lock,1242967,3738
,,0,2024-02-15T15:34:55.554526599Z,2024-03-16T15:34:55.554526599Z,2024-03-16T01:57:08.515142824Z,CREATE,file_event,NFCORE_RANGELAND:RANGELAND:PREPROCESSING:FORCE_PREPROCESS (LT05_L1TP_180036_19970718_20200910_02_T1) (3738),NFCORE_RANGELAND:RANGELAND:PREPROCESSING:FORCE_PREPROCESS (LT05_L1TP_180036_19970718_20200910_02_T1) (3738),/home/jfechner/workflows/rangeland/nextflow-run2/work/c1/351292e1b6fc128ceae140913f7eca/level2_ard/X0111_Y0103/19970718_LEVEL2_LND05_OVV.jpg.lock,1242967,3738
,,0,2024-02-15T15:34:55.554526599Z,2024-03-16T15:34:55.554526599Z,2024-03-16T01:57:08.518390411Z,CREATE,file_event,NFCORE_RANGELAND:RANGELAND:PREPROCESSING:FORCE_PREPROCESS (LT05_L1TP_180036_19970718_20200910_02_T1) (3738),NFCORE_RANGELAND:RANGELAND:PREPROCESSING:FORCE_PREPROCESS (LT05_L1TP_180036_19970718_20200910_02_T1) (3738),/home/jfechner/workflows/rangeland/nextflow-run2/work/c1/351292e1b6fc128ceae140913f7eca/level2_ard/X0111_Y0103/19970718_LEVEL2_LND05_OVV.jpg,1242967,3738
,,0,2024-02-15T15:34:55.554526599Z,2024-03-16T15:34:55.554526599Z,2024-03-16T01:57:08.521172733Z,DELETE,file_event,NFCORE_RANGELAND:RANGELAND:PREPROCESSING:FORCE_PREPROCESS (LT05_L1TP_180036_19970718_20200910_02_T1) (3738),NFCORE_RANGELAND:RANGELAND:PREPROCESSING:FORCE_PREPROCESS (LT05_L1TP_180036_19970718_20200910_02_T1) (3738),/home/jfechner/workflows/rangeland/nextflow-run2/work/c1/351292e1b6fc128ceae140913f7eca/level2_ard/X0111_Y0103/19970718_LEVEL2_LND05_OVV.jpg.lock,1242967,3738
,,0,2024-02-15T15:34:55.554526599Z,2024-03-16T15:34:55.554526599Z,2024-03-16T01:57:08.523579862Z,CREATE,file_event,NFCORE_RANGELAND:RANGELAND:PREPROCESSING:FORCE_PREPROCESS (LT05_L1TP_180036_19970718_20200910_02_T1) (3738),NFCORE_RANGELAND:RANGELAND:PREPROCESSING:FORCE_PREPROCESS (LT05_L1TP_180036_19970718_20200910_02_T1) (3738),/home/jfechner/workflows/rangeland/nextflow-run2/work/c1/351292e1b6fc128ceae140913f7eca/level2_prov/provenance_20240316.csv.lock,1242967,3738
,,0,2024-02-15T15:34:55.554526599Z,2024-03-16T15:34:55.554526599Z,2024-03-16T01:57:08.525483464Z,DELETE,file_event,NFCORE_RANGELAND:RANGELAND:PREPROCESSING:FORCE_PREPROCESS (LT05_L1TP_180036_19970718_20200910_02_T1) (3738),NFCORE_RANGELAND:RANGELAND:PREPROCESSING:FORCE_PREPROCESS (LT05_L1TP_180036_19970718_20200910_02_T1) (3738),/home/jfechner/workflows/rangeland/nextflow-run2/work/c1/351292e1b6fc128ceae140913f7eca/level2_prov/provenance_20240316.csv.lock,1242967,3738
,,0,2024-02-15T15:34:55.554526599Z,2024-03-16T15:34:55.554526599Z,2024-03-16T01:57:08.550526089Z,CREATE,file_event,NFCORE_RANGELAND:RANGELAND:PREPROCESSING:FORCE_PREPROCESS (LT05_L1TP_180036_19970718_20200910_02_T1) (3738),NFCORE_RANGELAND:RANGELAND:PREPROCESSING:FORCE_PREPROCESS (LT05_L1TP_180036_19970718_20200910_02_T1) (3738),/home/jfechner/workflows/rangeland/nextflow-run2/work/c1/351292e1b6fc128ceae140913f7eca/level2_ard/X0111_Y0104.lock,1242967,3738
,,0,2024-02-15T15:34:55.554526599Z,2024-03-16T15:34:55.554526599Z,2024-03-16T01:57:08.553421664Z,CREATE,file_event,NFCORE_RANGELAND:RANGELAND:PREPROCESSING:FORCE_PREPROCESS (LT05_L1TP_180036_19970718_20200910_02_T1) (3738),NFCORE_RANGELAND:RANGELAND:PREPROCESSING:FORCE_PREPROCESS (LT05_L1TP_180036_19970718_20200910_02_T1) (3738),/home/jfechner/workflows/rangeland/nextflow-run2/work/c1/351292e1b6fc128ceae140913f7eca/level2_ard/X0111_Y0104,1242967,3738
,,0,2024-02-15T15:34:55.554526599Z,2024-03-16T15:34:55.554526599Z,2024-03-16T01:57:08.556701113Z,CREATE,file_event,NFCORE_RANGELAND:RANGELAND:PREPROCESSING:FORCE_PREPROCESS (LT05_L1TP_180036_19970718_20200910_02_T1) (3738),NFCORE_RANGELAND:RANGELAND:PREPROCESSING:FORCE_PREPROCESS (LT05_L1TP_180036_19970718_20200910_02_T1) (3738),/home/jfechner/workflows/rangeland/nextflow-run2/work/c1/351292e1b6fc128ceae140913f7eca/level2_ard/X0111_Y0104/19970718_LEVEL2_LND05_QAI.tif,1242967,3738
,,0,2024-02-15T15:34:55.554526599Z,2024-03-16T15:34:55.554526599Z,2024-03-16T01:57:08.559836386Z,CREATE,file_event,NFCORE_RANGELAND:RANGELAND:PREPROCESSING:FORCE_PREPROCESS (LT05_L1TP_180036_19970718_20200910_02_T1) (3738),NFCORE_RANGELAND:RANGELAND:PREPROCESSING:FORCE_PREPROCESS (LT05_L1TP_180036_19970718_20200910_02_T1) (3738),/home/jfechner/workflows/rangeland/nextflow-run2/work/c1/351292e1b6fc128ceae140913f7eca/level2_ard/X0111_Y0104/19970718_LEVEL2_LND05_QAI.tif.lock,1242967,3738
,,0,2024-02-15T15:34:55.554526599Z,2024-03-16T15:34:55.554526599Z,2024-03-16T01:57:08.563031521Z,DELETE,file_event,NFCORE_RANGELAND:RANGELAND:PREPROCESSING:FORCE_PREPROCESS (LT05_L1TP_180036_19970718_20200910_02_T1) (3738),NFCORE_RANGELAND:RANGELAND:PREPROCESSING:FORCE_PREPROCESS (LT05_L1TP_180036_19970718_20200910_02_T1) (3738),/home/jfechner/workflows/rangeland/nextflow-run2/work/c1/351292e1b6fc128ceae140913f7eca/level2_ard/X0111_Y0104.lock,1242967,3738
,,0,2024-02-15T15:34:55.554526599Z,2024-03-16T15:34:55.554526599Z,2024-03-16T01:57:08.565277625Z,CREATE,file_event,NFCORE_RANGELAND:RANGELAND:PREPROCESSING:FORCE_PREPROCESS (LT05_L1TP_180036_19970718_20200910_02_T1) (3738),NFCORE_RANGELAND:RANGELAND:PREPROCESSING:FORCE_PREPROCESS (LT05_L1TP_180036_19970718_20200910_02_T1) (3738),/home/jfechner/workflows/rangeland/nextflow-run2/work/c1/351292e1b6fc128ceae140913f7eca/level2_ard/X0111_Y0104/19970718_LEVEL2_LND05_QAI.tif.lock,1242967,3738
,,0,2024-02-15T15:34:55.554526599Z,2024-03-16T15:34:55.554526599Z,2024-03-16T01:57:08.567778457Z,CREATE,file_event,NFCORE_RANGELAND:RANGELAND:PREPROCESSING:FORCE_PREPROCESS (LT05_L1TP_180036_19970718_20200910_02_T1) (3738),NFCORE_RANGELAND:RANGELAND:PREPROCESSING:FORCE_PREPROCESS (LT05_L1TP_180036_19970718_20200910_02_T1) (3738),/home/jfechner/workflows/rangeland/nextflow-run2/work/c1/351292e1b6fc128ceae140913f7eca/level2_ard/X0111_Y0104/19970718_LEVEL2_LND05_QAI.tif,1242967,3738
,,0,2024-02-15T15:34:55.554526599Z,2024-03-16T15:34:55.554526599Z,2024-03-16T01:57:08.569412761Z,DELETE,file_event,NFCORE_RANGELAND:RANGELAND:PREPROCESSING:FORCE_PREPROCESS (LT05_L1TP_180036_19970718_20200910_02_T1) (3738),NFCORE_RANGELAND:RANGELAND:PREPROCESSING:FORCE_PREPROCESS (LT05_L1TP_180036_19970718_20200910_02_T1) (3738),/home/jfechner/workflows/rangeland/nextflow-run2/work/c1/351292e1b6fc128ceae140913f7eca/level2_ard/X0111_Y0104/19970718_LEVEL2_LND05_QAI.tif.lock,1242967,3738
,,0,2024-02-15T15:34:55.554526599Z,2024-03-16T15:34:55.554526599Z,2024-03-16T01:57:08.570916091Z,CREATE,file_event,NFCORE_RANGELAND:RANGELAND:PREPROCESSING:FORCE_PREPROCESS (LT05_L1TP_180036_19970718_20200910_02_T1) (3738),NFCORE_RANGELAND:RANGELAND:PREPROCESSING:FORCE_PREPROCESS (LT05_L1TP_180036_19970718_20200910_02_T1) (3738),/home/jfechner/workflows/rangeland/nextflow-run2/work/c1/351292e1b6fc128ceae140913f7eca/level2_prov/provenance_20240316.csv.lock,1242967,3738
,,0,2024-02-15T15:34:55.554526599Z,2024-03-16T15:34:55.554526599Z,2024-03-16T01:57:08.572957718Z,DELETE,file_event,NFCORE_RANGELAND:RANGELAND:PREPROCESSING:FORCE_PREPROCESS (LT05_L1TP_180036_19970718_20200910_02_T1) (3738),NFCORE_RANGELAND:RANGELAND:PREPROCESSING:FORCE_PREPROCESS (LT05_L1TP_180036_19970718_20200910_02_T1) (3738),/home/jfechner/workflows/rangeland/nextflow-run2/work/c1/351292e1b6fc128ceae140913f7eca/level2_prov/provenance_20240316.csv.lock,1242967,3738
,,0,2024-02-15T15:34:55.554526599Z,2024-03-16T15:34:55.554526599Z,2024-03-16T01:57:08.574912153Z,CREATE,file_event,NFCORE_RANGELAND:RANGELAND:PREPROCESSING:FORCE_PREPROCESS (LT05_L1TP_180036_19970718_20200910_02_T1) (3738),NFCORE_RANGELAND:RANGELAND:PREPROCESSING:FORCE_PREPROCESS (LT05_L1TP_180036_19970718_20200910_02_T1) (3738),/home/jfechner/workflows/rangeland/nextflow-run2/work/c1/351292e1b6fc128ceae140913f7eca/level2_ard/X0111_Y0104.lock,1242967,3738
,,0,2024-02-15T15:34:55.554526599Z,2024-03-16T15:34:55.554526599Z,2024-03-16T01:57:08.577067064Z,DELETE,file_event,NFCORE_RANGELAND:RANGELAND:PREPROCESSING:FORCE_PREPROCESS (LT05_L1TP_180036_19970718_20200910_02_T1) (3738),NFCORE_RANGELAND:RANGELAND:PREPROCESSING:FORCE_PREPROCESS (LT05_L1TP_180036_19970718_20200910_02_T1) (3738),/home/jfechner/workflows/rangeland/nextflow-run2/work/c1/351292e1b6fc128ceae140913f7eca/level2_ard/X0111_Y0104.lock,1242967,3738
,,0,2024-02-15T15:34:55.554526599Z,2024-03-16T15:34:55.554526599Z,2024-03-16T01:57:08.579200664Z,CREATE,file_event,NFCORE_RANGELAND:RANGELAND:PREPROCESSING:FORCE_PREPROCESS (LT05_L1TP_180036_19970718_20200910_02_T1) (3738),NFCORE_RANGELAND:RANGELAND:PREPROCESSING:FORCE_PREPROCESS (LT05_L1TP_180036_19970718_20200910_02_T1) (3738),/home/jfechner/workflows/rangeland/nextflow-run2/work/c1/351292e1b6fc128ceae140913f7eca/level2_ard/X0111_Y0104/19970718_LEVEL2_LND05_BOA.tif.lock,1242967,3738
,,0,2024-02-15T15:34:55.554526599Z,2024-03-16T15:34:55.554526599Z,2024-03-16T01:57:08.58181665Z,CREATE,file_event,NFCORE_RANGELAND:RANGELAND:PREPROCESSING:FORCE_PREPROCESS (LT05_L1TP_180036_19970718_20200910_02_T1) (3738),NFCORE_RANGELAND:RANGELAND:PREPROCESSING:FORCE_PREPROCESS (LT05_L1TP_180036_19970718_20200910_02_T1) (3738),/home/jfechner/workflows/rangeland/nextflow-run2/work/c1/351292e1b6fc128ceae140913f7eca/level2_ard/X0111_Y0104/19970718_LEVEL2_LND05_BOA.tif,1242967,3738
,,0,2024-02-15T15:34:55.554526599Z,2024-03-16T15:34:55.554526599Z,2024-03-16T01:57:08.587312851Z,DELETE,file_event,NFCORE_RANGELAND:RANGELAND:PREPROCESSING:FORCE_PREPROCESS (LT05_L1TP_180036_19970718_20200910_02_T1) (3738),NFCORE_RANGELAND:RANGELAND:PREPROCESSING:FORCE_PREPROCESS (LT05_L1TP_180036_19970718_20200910_02_T1) (3738),/home/jfechner/workflows/rangeland/nextflow-run2/work/c1/351292e1b6fc128ceae140913f7eca/level2_ard/X0111_Y0104/19970718_LEVEL2_LND05_BOA.tif.lock,1242967,3738
,,0,2024-02-15T15:34:55.554526599Z,2024-03-16T15:34:55.554526599Z,2024-03-16T01:57:08.590397023Z,CREATE,file_event,NFCORE_RANGELAND:RANGELAND:PREPROCESSING:FORCE_PREPROCESS (LT05_L1TP_180036_19970718_20200910_02_T1) (3738),NFCORE_RANGELAND:RANGELAND:PREPROCESSING:FORCE_PREPROCESS (LT05_L1TP_180036_19970718_20200910_02_T1) (3738),/home/jfechner/workflows/rangeland/nextflow-run2/work/c1/351292e1b6fc128ceae140913f7eca/level2_prov/provenance_20240316.csv.lock,1242967,3738
,,0,2024-02-15T15:34:55.554526599Z,2024-03-16T15:34:55.554526599Z,2024-03-16T01:57:08.592681328Z,DELETE,file_event,NFCORE_RANGELAND:RANGELAND:PREPROCESSING:FORCE_PREPROCESS (LT05_L1TP_180036_19970718_20200910_02_T1) (3738),NFCORE_RANGELAND:RANGELAND:PREPROCESSING:FORCE_PREPROCESS (LT05_L1TP_180036_19970718_20200910_02_T1) (3738),/home/jfechner/workflows/rangeland/nextflow-run2/work/c1/351292e1b6fc128ceae140913f7eca/level2_prov/provenance_20240316.csv.lock,1242967,3738
,,0,2024-02-15T15:34:55.554526599Z,2024-03-16T15:34:55.554526599Z,2024-03-16T01:57:08.594644023Z,CREATE,file_event,NFCORE_RANGELAND:RANGELAND:PREPROCESSING:FORCE_PREPROCESS (LT05_L1TP_180036_19970718_20200910_02_T1) (3738),NFCORE_RANGELAND:RANGELAND:PREPROCESSING:FORCE_PREPROCESS (LT05_L1TP_180036_19970718_20200910_02_T1) (3738),/home/jfechner/workflows/rangeland/nextflow-run2/work/c1/351292e1b6fc128ceae140913f7eca/level2_ard/X0111_Y0104.lock,1242967,3738
,,0,2024-02-15T15:34:55.554526599Z,2024-03-16T15:34:55.554526599Z,2024-03-16T01:57:08.596446722Z,DELETE,file_event,NFCORE_RANGELAND:RANGELAND:PREPROCESSING:FORCE_PREPROCESS (LT05_L1TP_180036_19970718_20200910_02_T1) (3738),NFCORE_RANGELAND:RANGELAND:PREPROCESSING:FORCE_PREPROCESS (LT05_L1TP_180036_19970718_20200910_02_T1) (3738),/home/jfechner/workflows/rangeland/nextflow-run2/work/c1/351292e1b6fc128ceae140913f7eca/level2_ard/X0111_Y0104.lock,1242967,3738
,,0,2024-02-15T15:34:55.554526599Z,2024-03-16T15:34:55.554526599Z,2024-03-16T01:57:08.5979124Z,CREATE,file_event,NFCORE_RANGELAND:RANGELAND:PREPROCESSING:FORCE_PREPROCESS (LT05_L1TP_180036_19970718_20200910_02_T1) (3738),NFCORE_RANGELAND:RANGELAND:PREPROCESSING:FORCE_PREPROCESS (LT05_L1TP_180036_19970718_20200910_02_T1) (3738),/home/jfechner/workflows/rangeland/nextflow-run2/work/c1/351292e1b6fc128ceae140913f7eca/level2_ard/X0111_Y0104/19970718_LEVEL2_LND05_OVV.jpg.lock,1242967,3738
,,0,2024-02-15T15:34:55.554526599Z,2024-03-16T15:34:55.554526599Z,2024-03-16T01:57:08.600160354Z,CREATE,file_event,NFCORE_RANGELAND:RANGELAND:PREPROCESSING:FORCE_PREPROCESS (LT05_L1TP_180036_19970718_20200910_02_T1) (3738),NFCORE_RANGELAND:RANGELAND:PREPROCESSING:FORCE_PREPROCESS (LT05_L1TP_180036_19970718_20200910_02_T1) (3738),/home/jfechner/workflows/rangeland/nextflow-run2/work/c1/351292e1b6fc128ceae140913f7eca/level2_ard/X0111_Y0104/19970718_LEVEL2_LND05_OVV.jpg,1242967,3738
,,0,2024-02-15T15:34:55.554526599Z,2024-03-16T15:34:55.554526599Z,2024-03-16T01:57:08.602377177Z,DELETE,file_event,NFCORE_RANGELAND:RANGELAND:PREPROCESSING:FORCE_PREPROCESS (LT05_L1TP_180036_19970718_20200910_02_T1) (3738),NFCORE_RANGELAND:RANGELAND:PREPROCESSING:FORCE_PREPROCESS (LT05_L1TP_180036_19970718_20200910_02_T1) (3738),/home/jfechner/workflows/rangeland/nextflow-run2/work/c1/351292e1b6fc128ceae140913f7eca/level2_ard/X0111_Y0104/19970718_LEVEL2_LND05_OVV.jpg.lock,1242967,3738
,,0,2024-02-15T15:34:55.554526599Z,2024-03-16T15:34:55.554526599Z,2024-03-16T01:57:08.603839295Z,CREATE,file_event,NFCORE_RANGELAND:RANGELAND:PREPROCESSING:FORCE_PREPROCESS (LT05_L1TP_180036_19970718_20200910_02_T1) (3738),NFCORE_RANGELAND:RANGELAND:PREPROCESSING:FORCE_PREPROCESS (LT05_L1TP_180036_19970718_20200910_02_T1) (3738),/home/jfechner/workflows/rangeland/nextflow-run2/work/c1/351292e1b6fc128ceae140913f7eca/level2_prov/provenance_20240316.csv.lock,1242967,3738
,,0,2024-02-15T15:34:55.554526599Z,2024-03-16T15:34:55.554526599Z,2024-03-16T01:57:08.605272023Z,DELETE,file_event,NFCORE_RANGELAND:RANGELAND:PREPROCESSING:FORCE_PREPROCESS (LT05_L1TP_180036_19970718_20200910_02_T1) (3738),NFCORE_RANGELAND:RANGELAND:PREPROCESSING:FORCE_PREPROCESS (LT05_L1TP_180036_19970718_20200910_02_T1) (3738),/home/jfechner/workflows/rangeland/nextflow-run2/work/c1/351292e1b6fc128ceae140913f7eca/level2_prov/provenance_20240316.csv.lock,1242967,3738
,,0,2024-02-15T15:34:55.554526599Z,2024-03-16T15:34:55.554526599Z,2024-03-16T01:57:08.639592663Z,CREATE,file_event,NFCORE_RANGELAND:RANGELAND:PREPROCESSING:FORCE_PREPROCESS (LT05_L1TP_180036_19970718_20200910_02_T1) (3738),NFCORE_RANGELAND:RANGELAND:PREPROCESSING:FORCE_PREPROCESS (LT05_L1TP_180036_19970718_20200910_02_T1) (3738),/home/jfechner/workflows/rangeland/nextflow-run2/work/c1/351292e1b6fc128ceae140913f7eca/level2_ard/X0111_Y0105.lock,1242967,3738
,,0,2024-02-15T15:34:55.554526599Z,2024-03-16T15:34:55.554526599Z,2024-03-16T01:57:08.643005136Z,CREATE,file_event,NFCORE_RANGELAND:RANGELAND:PREPROCESSING:FORCE_PREPROCESS (LT05_L1TP_180036_19970718_20200910_02_T1) (3738),NFCORE_RANGELAND:RANGELAND:PREPROCESSING:FORCE_PREPROCESS (LT05_L1TP_180036_19970718_20200910_02_T1) (3738),/home/jfechner/workflows/rangeland/nextflow-run2/work/c1/351292e1b6fc128ceae140913f7eca/level2_ard/X0111_Y0105,1242967,3738
,,0,2024-02-15T15:34:55.554526599Z,2024-03-16T15:34:55.554526599Z,2024-03-16T01:57:08.646346566Z,CREATE,file_event,NFCORE_RANGELAND:RANGELAND:PREPROCESSING:FORCE_PREPROCESS (LT05_L1TP_180036_19970718_20200910_02_T1) (3738),NFCORE_RANGELAND:RANGELAND:PREPROCESSING:FORCE_PREPROCESS (LT05_L1TP_180036_19970718_20200910_02_T1) (3738),/home/jfechner/workflows/rangeland/nextflow-run2/work/c1/351292e1b6fc128ceae140913f7eca/level2_ard/X0111_Y0105/19970718_LEVEL2_LND05_QAI.tif,1242967,3738
,,0,2024-02-15T15:34:55.554526599Z,2024-03-16T15:34:55.554526599Z,2024-03-16T01:57:08.650058658Z,CREATE,file_event,NFCORE_RANGELAND:RANGELAND:PREPROCESSING:FORCE_PREPROCESS (LT05_L1TP_180036_19970718_20200910_02_T1) (3738),NFCORE_RANGELAND:RANGELAND:PREPROCESSING:FORCE_PREPROCESS (LT05_L1TP_180036_19970718_20200910_02_T1) (3738),/home/jfechner/workflows/rangeland/nextflow-run2/work/c1/351292e1b6fc128ceae140913f7eca/level2_ard/X0111_Y0105/19970718_LEVEL2_LND05_QAI.tif.lock,1242967,3738
,,0,2024-02-15T15:34:55.554526599Z,2024-03-16T15:34:55.554526599Z,2024-03-16T01:57:08.653860743Z,DELETE,file_event,NFCORE_RANGELAND:RANGELAND:PREPROCESSING:FORCE_PREPROCESS (LT05_L1TP_180036_19970718_20200910_02_T1) (3738),NFCORE_RANGELAND:RANGELAND:PREPROCESSING:FORCE_PREPROCESS (LT05_L1TP_180036_19970718_20200910_02_T1) (3738),/home/jfechner/workflows/rangeland/nextflow-run2/work/c1/351292e1b6fc128ceae140913f7eca/level2_ard/X0111_Y0105.lock,1242967,3738
,,0,2024-02-15T15:34:55.554526599Z,2024-03-16T15:34:55.554526599Z,2024-03-16T01:57:08.656239642Z,CREATE,file_event,NFCORE_RANGELAND:RANGELAND:PREPROCESSING:FORCE_PREPROCESS (LT05_L1TP_180036_19970718_20200910_02_T1) (3738),NFCORE_RANGELAND:RANGELAND:PREPROCESSING:FORCE_PREPROCESS (LT05_L1TP_180036_19970718_20200910_02_T1) (3738),/home/jfechner/workflows/rangeland/nextflow-run2/work/c1/351292e1b6fc128ceae140913f7eca/level2_ard/X0111_Y0105/19970718_LEVEL2_LND05_QAI.tif,1242967,3738
,,0,2024-02-15T15:34:55.554526599Z,2024-03-16T15:34:55.554526599Z,2024-03-16T01:57:08.658819687Z,DELETE,file_event,NFCORE_RANGELAND:RANGELAND:PREPROCESSING:FORCE_PREPROCESS (LT05_L1TP_180036_19970718_20200910_02_T1) (3738),NFCORE_RANGELAND:RANGELAND:PREPROCESSING:FORCE_PREPROCESS (LT05_L1TP_180036_19970718_20200910_02_T1) (3738),/home/jfechner/workflows/rangeland/nextflow-run2/work/c1/351292e1b6fc128ceae140913f7eca/level2_ard/X0111_Y0105/19970718_LEVEL2_LND05_QAI.tif.lock,1242967,3738
,,0,2024-02-15T15:34:55.554526599Z,2024-03-16T15:34:55.554526599Z,2024-03-16T01:57:08.661203655Z,CREATE,file_event,NFCORE_RANGELAND:RANGELAND:PREPROCESSING:FORCE_PREPROCESS (LT05_L1TP_180036_19970718_20200910_02_T1) (3738),NFCORE_RANGELAND:RANGELAND:PREPROCESSING:FORCE_PREPROCESS (LT05_L1TP_180036_19970718_20200910_02_T1) (3738),/home/jfechner/workflows/rangeland/nextflow-run2/work/c1/351292e1b6fc128ceae140913f7eca/level2_prov/provenance_20240316.csv.lock,1242967,3738
,,0,2024-02-15T15:34:55.554526599Z,2024-03-16T15:34:55.554526599Z,2024-03-16T01:57:08.663717178Z,DELETE,file_event,NFCORE_RANGELAND:RANGELAND:PREPROCESSING:FORCE_PREPROCESS (LT05_L1TP_180036_19970718_20200910_02_T1) (3738),NFCORE_RANGELAND:RANGELAND:PREPROCESSING:FORCE_PREPROCESS (LT05_L1TP_180036_19970718_20200910_02_T1) (3738),/home/jfechner/workflows/rangeland/nextflow-run2/work/c1/351292e1b6fc128ceae140913f7eca/level2_prov/provenance_20240316.csv.lock,1242967,3738
,,0,2024-02-15T15:34:55.554526599Z,2024-03-16T15:34:55.554526599Z,2024-03-16T01:57:08.665854888Z,CREATE,file_event,NFCORE_RANGELAND:RANGELAND:PREPROCESSING:FORCE_PREPROCESS (LT05_L1TP_180036_19970718_20200910_02_T1) (3738),NFCORE_RANGELAND:RANGELAND:PREPROCESSING:FORCE_PREPROCESS (LT05_L1TP_180036_19970718_20200910_02_T1) (3738),/home/jfechner/workflows/rangeland/nextflow-run2/work/c1/351292e1b6fc128ceae140913f7eca/level2_ard/X0111_Y0105.lock,1242967,3738
,,0,2024-02-15T15:34:55.554526599Z,2024-03-16T15:34:55.554526599Z,2024-03-16T01:57:08.668430383Z,DELETE,file_event,NFCORE_RANGELAND:RANGELAND:PREPROCESSING:FORCE_PREPROCESS (LT05_L1TP_180036_19970718_20200910_02_T1) (3738),NFCORE_RANGELAND:RANGELAND:PREPROCESSING:FORCE_PREPROCESS (LT05_L1TP_180036_19970718_20200910_02_T1) (3738),/home/jfechner/workflows/rangeland/nextflow-run2/work/c1/351292e1b6fc128ceae140913f7eca/level2_ard/X0111_Y0105.lock,1242967,3738
,,0,2024-02-15T15:34:55.554526599Z,2024-03-16T15:34:55.554526599Z,2024-03-16T01:57:08.670631625Z,CREATE,file_event,NFCORE_RANGELAND:RANGELAND:PREPROCESSING:FORCE_PREPROCESS (LT05_L1TP_180036_19970718_20200910_02_T1) (3738),NFCORE_RANGELAND:RANGELAND:PREPROCESSING:FORCE_PREPROCESS (LT05_L1TP_180036_19970718_20200910_02_T1) (3738),/home/jfechner/workflows/rangeland/nextflow-run2/work/c1/351292e1b6fc128ceae140913f7eca/level2_ard/X0111_Y0105/19970718_LEVEL2_LND05_BOA.tif.lock,1242967,3738
,,0,2024-02-15T15:34:55.554526599Z,2024-03-16T15:34:55.554526599Z,2024-03-16T01:57:08.673421518Z,CREATE,file_event,NFCORE_RANGELAND:RANGELAND:PREPROCESSING:FORCE_PREPROCESS (LT05_L1TP_180036_19970718_20200910_02_T1) (3738),NFCORE_RANGELAND:RANGELAND:PREPROCESSING:FORCE_PREPROCESS (LT05_L1TP_180036_19970718_20200910_02_T1) (3738),/home/jfechner/workflows/rangeland/nextflow-run2/work/c1/351292e1b6fc128ceae140913f7eca/level2_ard/X0111_Y0105/19970718_LEVEL2_LND05_BOA.tif,1242967,3738
,,0,2024-02-15T15:34:55.554526599Z,2024-03-16T15:34:55.554526599Z,2024-03-16T01:57:08.682284919Z,DELETE,file_event,NFCORE_RANGELAND:RANGELAND:PREPROCESSING:FORCE_PREPROCESS (LT05_L1TP_180036_19970718_20200910_02_T1) (3738),NFCORE_RANGELAND:RANGELAND:PREPROCESSING:FORCE_PREPROCESS (LT05_L1TP_180036_19970718_20200910_02_T1) (3738),/home/jfechner/workflows/rangeland/nextflow-run2/work/c1/351292e1b6fc128ceae140913f7eca/level2_ard/X0111_Y0105/19970718_LEVEL2_LND05_BOA.tif.lock,1242967,3738
,,0,2024-02-15T15:34:55.554526599Z,2024-03-16T15:34:55.554526599Z,2024-03-16T01:57:08.68475117Z,CREATE,file_event,NFCORE_RANGELAND:RANGELAND:PREPROCESSING:FORCE_PREPROCESS (LT05_L1TP_180036_19970718_20200910_02_T1) (3738),NFCORE_RANGELAND:RANGELAND:PREPROCESSING:FORCE_PREPROCESS (LT05_L1TP_180036_19970718_20200910_02_T1) (3738),/home/jfechner/workflows/rangeland/nextflow-run2/work/c1/351292e1b6fc128ceae140913f7eca/level2_prov/provenance_20240316.csv.lock,1242967,3738
,,0,2024-02-15T15:34:55.554526599Z,2024-03-16T15:34:55.554526599Z,2024-03-16T01:57:08.686534629Z,DELETE,file_event,NFCORE_RANGELAND:RANGELAND:PREPROCESSING:FORCE_PREPROCESS (LT05_L1TP_180036_19970718_20200910_02_T1) (3738),NFCORE_RANGELAND:RANGELAND:PREPROCESSING:FORCE_PREPROCESS (LT05_L1TP_180036_19970718_20200910_02_T1) (3738),/home/jfechner/workflows/rangeland/nextflow-run2/work/c1/351292e1b6fc128ceae140913f7eca/level2_prov/provenance_20240316.csv.lock,1242967,3738
,,0,2024-02-15T15:34:55.554526599Z,2024-03-16T15:34:55.554526599Z,2024-03-16T01:57:08.688934259Z,CREATE,file_event,NFCORE_RANGELAND:RANGELAND:PREPROCESSING:FORCE_PREPROCESS (LT05_L1TP_180036_19970718_20200910_02_T1) (3738),NFCORE_RANGELAND:RANGELAND:PREPROCESSING:FORCE_PREPROCESS (LT05_L1TP_180036_19970718_20200910_02_T1) (3738),/home/jfechner/workflows/rangeland/nextflow-run2/work/c1/351292e1b6fc128ceae140913f7eca/level2_ard/X0111_Y0105.lock,1242967,3738
,,0,2024-02-15T15:34:55.554526599Z,2024-03-16T15:34:55.554526599Z,2024-03-16T01:57:08.691043238Z,DELETE,file_event,NFCORE_RANGELAND:RANGELAND:PREPROCESSING:FORCE_PREPROCESS (LT05_L1TP_180036_19970718_20200910_02_T1) (3738),NFCORE_RANGELAND:RANGELAND:PREPROCESSING:FORCE_PREPROCESS (LT05_L1TP_180036_19970718_20200910_02_T1) (3738),/home/jfechner/workflows/rangeland/nextflow-run2/work/c1/351292e1b6fc128ceae140913f7eca/level2_ard/X0111_Y0105.lock,1242967,3738
,,0,2024-02-15T15:34:55.554526599Z,2024-03-16T15:34:55.554526599Z,2024-03-16T01:57:08.693549951Z,CREATE,file_event,NFCORE_RANGELAND:RANGELAND:PREPROCESSING:FORCE_PREPROCESS (LT05_L1TP_180036_19970718_20200910_02_T1) (3738),NFCORE_RANGELAND:RANGELAND:PREPROCESSING:FORCE_PREPROCESS (LT05_L1TP_180036_19970718_20200910_02_T1) (3738),/home/jfechner/workflows/rangeland/nextflow-run2/work/c1/351292e1b6fc128ceae140913f7eca/level2_ard/X0111_Y0105/19970718_LEVEL2_LND05_OVV.jpg.lock,1242967,3738
,,0,2024-02-15T15:34:55.554526599Z,2024-03-16T15:34:55.554526599Z,2024-03-16T01:57:08.696453616Z,CREATE,file_event,NFCORE_RANGELAND:RANGELAND:PREPROCESSING:FORCE_PREPROCESS (LT05_L1TP_180036_19970718_20200910_02_T1) (3738),NFCORE_RANGELAND:RANGELAND:PREPROCESSING:FORCE_PREPROCESS (LT05_L1TP_180036_19970718_20200910_02_T1) (3738),/home/jfechner/workflows/rangeland/nextflow-run2/work/c1/351292e1b6fc128ceae140913f7eca/level2_ard/X0111_Y0105/19970718_LEVEL2_LND05_OVV.jpg,1242967,3738
,,0,2024-02-15T15:34:55.554526599Z,2024-03-16T15:34:55.554526599Z,2024-03-16T01:57:08.699035081Z,DELETE,file_event,NFCORE_RANGELAND:RANGELAND:PREPROCESSING:FORCE_PREPROCESS (LT05_L1TP_180036_19970718_20200910_02_T1) (3738),NFCORE_RANGELAND:RANGELAND:PREPROCESSING:FORCE_PREPROCESS (LT05_L1TP_180036_19970718_20200910_02_T1) (3738),/home/jfechner/workflows/rangeland/nextflow-run2/work/c1/351292e1b6fc128ceae140913f7eca/level2_ard/X0111_Y0105/19970718_LEVEL2_LND05_OVV.jpg.lock,1242967,3738
,,0,2024-02-15T15:34:55.554526599Z,2024-03-16T15:34:55.554526599Z,2024-03-16T01:57:08.701504992Z,CREATE,file_event,NFCORE_RANGELAND:RANGELAND:PREPROCESSING:FORCE_PREPROCESS (LT05_L1TP_180036_19970718_20200910_02_T1) (3738),NFCORE_RANGELAND:RANGELAND:PREPROCESSING:FORCE_PREPROCESS (LT05_L1TP_180036_19970718_20200910_02_T1) (3738),/home/jfechner/workflows/rangeland/nextflow-run2/work/c1/351292e1b6fc128ceae140913f7eca/level2_prov/provenance_20240316.csv.lock,1242967,3738
,,0,2024-02-15T15:34:55.554526599Z,2024-03-16T15:34:55.554526599Z,2024-03-16T01:57:08.703745616Z,DELETE,file_event,NFCORE_RANGELAND:RANGELAND:PREPROCESSING:FORCE_PREPROCESS (LT05_L1TP_180036_19970718_20200910_02_T1) (3738),NFCORE_RANGELAND:RANGELAND:PREPROCESSING:FORCE_PREPROCESS (LT05_L1TP_180036_19970718_20200910_02_T1) (3738),/home/jfechner/workflows/rangeland/nextflow-run2/work/c1/351292e1b6fc128ceae140913f7eca/level2_prov/provenance_20240316.csv.lock,1242967,3738
,,0,2024-02-15T15:34:55.554526599Z,2024-03-16T15:34:55.554526599Z,2024-03-16T01:57:08.79493269Z,CREATE,file_event,NFCORE_RANGELAND:RANGELAND:PREPROCESSING:FORCE_PREPROCESS (LT05_L1TP_180036_19970718_20200910_02_T1) (3738),NFCORE_RANGELAND:RANGELAND:PREPROCESSING:FORCE_PREPROCESS (LT05_L1TP_180036_19970718_20200910_02_T1) (3738),/home/jfechner/workflows/rangeland/nextflow-run2/work/c1/351292e1b6fc128ceae140913f7eca/level2_ard/CITEME_0x49.txt.lock,1242967,3738
,,0,2024-02-15T15:34:55.554526599Z,2024-03-16T15:34:55.554526599Z,2024-03-16T01:57:08.797875197Z,CREATE,file_event,NFCORE_RANGELAND:RANGELAND:PREPROCESSING:FORCE_PREPROCESS (LT05_L1TP_180036_19970718_20200910_02_T1) (3738),NFCORE_RANGELAND:RANGELAND:PREPROCESSING:FORCE_PREPROCESS (LT05_L1TP_180036_19970718_20200910_02_T1) (3738),/home/jfechner/workflows/rangeland/nextflow-run2/work/c1/351292e1b6fc128ceae140913f7eca/level2_ard/CITEME_0x49.txt,1242967,3738
,,0,2024-02-15T15:34:55.554526599Z,2024-03-16T15:34:55.554526599Z,2024-03-16T01:57:08.800561475Z,DELETE,file_event,NFCORE_RANGELAND:RANGELAND:PREPROCESSING:FORCE_PREPROCESS (LT05_L1TP_180036_19970718_20200910_02_T1) (3738),NFCORE_RANGELAND:RANGELAND:PREPROCESSING:FORCE_PREPROCESS (LT05_L1TP_180036_19970718_20200910_02_T1) (3738),/home/jfechner/workflows/rangeland/nextflow-run2/work/c1/351292e1b6fc128ceae140913f7eca/level2_ard/CITEME_0x49.txt.lock,1242967,3738
,,0,2024-02-15T15:34:55.554526599Z,2024-03-16T15:34:55.554526599Z,2024-03-16T01:57:08.895167262Z,CREATE,file_event,NFCORE_RANGELAND:RANGELAND:PREPROCESSING:FORCE_PREPROCESS (LT05_L1TP_180036_19970718_20200910_02_T1) (3738),NFCORE_RANGELAND:RANGELAND:PREPROCESSING:FORCE_PREPROCESS (LT05_L1TP_180036_19970718_20200910_02_T1) (3738),/home/jfechner/workflows/rangeland/nextflow-run2/work/c1/351292e1b6fc128ceae140913f7eca/versions.yml,1242967,3738
,,0,2024-02-15T15:34:55.554526599Z,2024-03-16T15:34:55.554526599Z,2024-03-16T01:57:09.307010338Z,CREATE,file_event,NFCORE_RANGELAND:RANGELAND:PREPROCESSING:FORCE_PREPROCESS (LT05_L1TP_180036_19970718_20200910_02_T1) (3738),NFCORE_RANGELAND:RANGELAND:PREPROCESSING:FORCE_PREPROCESS (LT05_L1TP_180036_19970718_20200910_02_T1) (3738),/home/jfechner/workflows/rangeland/nextflow-run2/work/c1/351292e1b6fc128ceae140913f7eca/.exitcode,1242967,3738
