#datatype,string,long,dateTime:RFC3339,dateTime:RFC3339,dateTime:RFC3339,double,string,string,string,string,string
#group,false,false,true,true,false,false,true,true,true,true,true
#default,_result,,,,,,,,,,
,result,table,_start,_stop,_time,_value,_field,_measurement,name,pid,tid
,,0,2024-02-15T15:36:43.133238283Z,2024-03-16T15:36:43.133238283Z,2024-03-15T21:44:27.85139951Z,105.1601,docker_cpu_usage_pct,NFCORE_RANGELAND:RANGELAND:PREPROCESSING:FORCE_PREPROCESS (LT05_L1TP_182036_19970105_20211127_02_T1) (3095),NFCORE_RANGELAND:RANGELAND:PREPROCESSING:FORCE_PREPROCESS (LT05_L1TP_182036_19970105_20211127_02_T1) (3095),1170309,3095
,,0,2024-02-15T15:36:43.133238283Z,2024-03-16T15:36:43.133238283Z,2024-03-15T21:44:29.851956572Z,105.9613,docker_cpu_usage_pct,NFCORE_RANGELAND:RANGELAND:PREPROCESSING:FORCE_PREPROCESS (LT05_L1TP_182036_19970105_20211127_02_T1) (3095),NFCORE_RANGELAND:RANGELAND:PREPROCESSING:FORCE_PREPROCESS (LT05_L1TP_182036_19970105_20211127_02_T1) (3095),1170309,3095
,,0,2024-02-15T15:36:43.133238283Z,2024-03-16T15:36:43.133238283Z,2024-03-15T21:44:31.851549301Z,105.0008,docker_cpu_usage_pct,NFCORE_RANGELAND:RANGELAND:PREPROCESSING:FORCE_PREPROCESS (LT05_L1TP_182036_19970105_20211127_02_T1) (3095),NFCORE_RANGELAND:RANGELAND:PREPROCESSING:FORCE_PREPROCESS (LT05_L1TP_182036_19970105_20211127_02_T1) (3095),1170309,3095
,,0,2024-02-15T15:36:43.133238283Z,2024-03-16T15:36:43.133238283Z,2024-03-15T21:44:33.851950405Z,129.2506,docker_cpu_usage_pct,NFCORE_RANGELAND:RANGELAND:PREPROCESSING:FORCE_PREPROCESS (LT05_L1TP_182036_19970105_20211127_02_T1) (3095),NFCORE_RANGELAND:RANGELAND:PREPROCESSING:FORCE_PREPROCESS (LT05_L1TP_182036_19970105_20211127_02_T1) (3095),1170309,3095
,,0,2024-02-15T15:36:43.133238283Z,2024-03-16T15:36:43.133238283Z,2024-03-15T21:44:35.851436797Z,205.7546,docker_cpu_usage_pct,NFCORE_RANGELAND:RANGELAND:PREPROCESSING:FORCE_PREPROCESS (LT05_L1TP_182036_19970105_20211127_02_T1) (3095),NFCORE_RANGELAND:RANGELAND:PREPROCESSING:FORCE_PREPROCESS (LT05_L1TP_182036_19970105_20211127_02_T1) (3095),1170309,3095
,,0,2024-02-15T15:36:43.133238283Z,2024-03-16T15:36:43.133238283Z,2024-03-15T21:44:37.852090677Z,199.5847,docker_cpu_usage_pct,NFCORE_RANGELAND:RANGELAND:PREPROCESSING:FORCE_PREPROCESS (LT05_L1TP_182036_19970105_20211127_02_T1) (3095),NFCORE_RANGELAND:RANGELAND:PREPROCESSING:FORCE_PREPROCESS (LT05_L1TP_182036_19970105_20211127_02_T1) (3095),1170309,3095
,,0,2024-02-15T15:36:43.133238283Z,2024-03-16T15:36:43.133238283Z,2024-03-15T21:44:39.85165495Z,200.2576,docker_cpu_usage_pct,NFCORE_RANGELAND:RANGELAND:PREPROCESSING:FORCE_PREPROCESS (LT05_L1TP_182036_19970105_20211127_02_T1) (3095),NFCORE_RANGELAND:RANGELAND:PREPROCESSING:FORCE_PREPROCESS (LT05_L1TP_182036_19970105_20211127_02_T1) (3095),1170309,3095
,,0,2024-02-15T15:36:43.133238283Z,2024-03-16T15:36:43.133238283Z,2024-03-15T21:44:41.851066966Z,204.9551,docker_cpu_usage_pct,NFCORE_RANGELAND:RANGELAND:PREPROCESSING:FORCE_PREPROCESS (LT05_L1TP_182036_19970105_20211127_02_T1) (3095),NFCORE_RANGELAND:RANGELAND:PREPROCESSING:FORCE_PREPROCESS (LT05_L1TP_182036_19970105_20211127_02_T1) (3095),1170309,3095
,,0,2024-02-15T15:36:43.133238283Z,2024-03-16T15:36:43.133238283Z,2024-03-15T21:44:43.851419222Z,200.5116,docker_cpu_usage_pct,NFCORE_RANGELAND:RANGELAND:PREPROCESSING:FORCE_PREPROCESS (LT05_L1TP_182036_19970105_20211127_02_T1) (3095),NFCORE_RANGELAND:RANGELAND:PREPROCESSING:FORCE_PREPROCESS (LT05_L1TP_182036_19970105_20211127_02_T1) (3095),1170309,3095
,,0,2024-02-15T15:36:43.133238283Z,2024-03-16T15:36:43.133238283Z,2024-03-15T21:44:45.850828555Z,200.4138,docker_cpu_usage_pct,NFCORE_RANGELAND:RANGELAND:PREPROCESSING:FORCE_PREPROCESS (LT05_L1TP_182036_19970105_20211127_02_T1) (3095),NFCORE_RANGELAND:RANGELAND:PREPROCESSING:FORCE_PREPROCESS (LT05_L1TP_182036_19970105_20211127_02_T1) (3095),1170309,3095
,,0,2024-02-15T15:36:43.133238283Z,2024-03-16T15:36:43.133238283Z,2024-03-15T21:44:47.851292952Z,200.3187,docker_cpu_usage_pct,NFCORE_RANGELAND:RANGELAND:PREPROCESSING:FORCE_PREPROCESS (LT05_L1TP_182036_19970105_20211127_02_T1) (3095),NFCORE_RANGELAND:RANGELAND:PREPROCESSING:FORCE_PREPROCESS (LT05_L1TP_182036_19970105_20211127_02_T1) (3095),1170309,3095
,,0,2024-02-15T15:36:43.133238283Z,2024-03-16T15:36:43.133238283Z,2024-03-15T21:44:49.851933804Z,200.1484,docker_cpu_usage_pct,NFCORE_RANGELAND:RANGELAND:PREPROCESSING:FORCE_PREPROCESS (LT05_L1TP_182036_19970105_20211127_02_T1) (3095),NFCORE_RANGELAND:RANGELAND:PREPROCESSING:FORCE_PREPROCESS (LT05_L1TP_182036_19970105_20211127_02_T1) (3095),1170309,3095
,,0,2024-02-15T15:36:43.133238283Z,2024-03-16T15:36:43.133238283Z,2024-03-15T21:44:51.851617312Z,205.0914,docker_cpu_usage_pct,NFCORE_RANGELAND:RANGELAND:PREPROCESSING:FORCE_PREPROCESS (LT05_L1TP_182036_19970105_20211127_02_T1) (3095),NFCORE_RANGELAND:RANGELAND:PREPROCESSING:FORCE_PREPROCESS (LT05_L1TP_182036_19970105_20211127_02_T1) (3095),1170309,3095
,,0,2024-02-15T15:36:43.133238283Z,2024-03-16T15:36:43.133238283Z,2024-03-15T21:44:53.851124513Z,200.3489,docker_cpu_usage_pct,NFCORE_RANGELAND:RANGELAND:PREPROCESSING:FORCE_PREPROCESS (LT05_L1TP_182036_19970105_20211127_02_T1) (3095),NFCORE_RANGELAND:RANGELAND:PREPROCESSING:FORCE_PREPROCESS (LT05_L1TP_182036_19970105_20211127_02_T1) (3095),1170309,3095
,,0,2024-02-15T15:36:43.133238283Z,2024-03-16T15:36:43.133238283Z,2024-03-15T21:44:55.851764561Z,191.0268,docker_cpu_usage_pct,NFCORE_RANGELAND:RANGELAND:PREPROCESSING:FORCE_PREPROCESS (LT05_L1TP_182036_19970105_20211127_02_T1) (3095),NFCORE_RANGELAND:RANGELAND:PREPROCESSING:FORCE_PREPROCESS (LT05_L1TP_182036_19970105_20211127_02_T1) (3095),1170309,3095
,,0,2024-02-15T15:36:43.133238283Z,2024-03-16T15:36:43.133238283Z,2024-03-15T21:44:57.851303351Z,192.81,docker_cpu_usage_pct,NFCORE_RANGELAND:RANGELAND:PREPROCESSING:FORCE_PREPROCESS (LT05_L1TP_182036_19970105_20211127_02_T1) (3095),NFCORE_RANGELAND:RANGELAND:PREPROCESSING:FORCE_PREPROCESS (LT05_L1TP_182036_19970105_20211127_02_T1) (3095),1170309,3095
,,0,2024-02-15T15:36:43.133238283Z,2024-03-16T15:36:43.133238283Z,2024-03-15T21:44:59.851900215Z,161.2063,docker_cpu_usage_pct,NFCORE_RANGELAND:RANGELAND:PREPROCESSING:FORCE_PREPROCESS (LT05_L1TP_182036_19970105_20211127_02_T1) (3095),NFCORE_RANGELAND:RANGELAND:PREPROCESSING:FORCE_PREPROCESS (LT05_L1TP_182036_19970105_20211127_02_T1) (3095),1170309,3095
,,0,2024-02-15T15:36:43.133238283Z,2024-03-16T15:36:43.133238283Z,2024-03-15T21:45:01.851444072Z,206.0939,docker_cpu_usage_pct,NFCORE_RANGELAND:RANGELAND:PREPROCESSING:FORCE_PREPROCESS (LT05_L1TP_182036_19970105_20211127_02_T1) (3095),NFCORE_RANGELAND:RANGELAND:PREPROCESSING:FORCE_PREPROCESS (LT05_L1TP_182036_19970105_20211127_02_T1) (3095),1170309,3095
,,0,2024-02-15T15:36:43.133238283Z,2024-03-16T15:36:43.133238283Z,2024-03-15T21:45:03.851859937Z,200.0311,docker_cpu_usage_pct,NFCORE_RANGELAND:RANGELAND:PREPROCESSING:FORCE_PREPROCESS (LT05_L1TP_182036_19970105_20211127_02_T1) (3095),NFCORE_RANGELAND:RANGELAND:PREPROCESSING:FORCE_PREPROCESS (LT05_L1TP_182036_19970105_20211127_02_T1) (3095),1170309,3095
,,0,2024-02-15T15:36:43.133238283Z,2024-03-16T15:36:43.133238283Z,2024-03-15T21:45:05.851436933Z,199.8122,docker_cpu_usage_pct,NFCORE_RANGELAND:RANGELAND:PREPROCESSING:FORCE_PREPROCESS (LT05_L1TP_182036_19970105_20211127_02_T1) (3095),NFCORE_RANGELAND:RANGELAND:PREPROCESSING:FORCE_PREPROCESS (LT05_L1TP_182036_19970105_20211127_02_T1) (3095),1170309,3095
,,0,2024-02-15T15:36:43.133238283Z,2024-03-16T15:36:43.133238283Z,2024-03-15T21:45:07.851874226Z,200.1126,docker_cpu_usage_pct,NFCORE_RANGELAND:RANGELAND:PREPROCESSING:FORCE_PREPROCESS (LT05_L1TP_182036_19970105_20211127_02_T1) (3095),NFCORE_RANGELAND:RANGELAND:PREPROCESSING:FORCE_PREPROCESS (LT05_L1TP_182036_19970105_20211127_02_T1) (3095),1170309,3095
,,0,2024-02-15T15:36:43.133238283Z,2024-03-16T15:36:43.133238283Z,2024-03-15T21:45:09.851660826Z,200.8409,docker_cpu_usage_pct,NFCORE_RANGELAND:RANGELAND:PREPROCESSING:FORCE_PREPROCESS (LT05_L1TP_182036_19970105_20211127_02_T1) (3095),NFCORE_RANGELAND:RANGELAND:PREPROCESSING:FORCE_PREPROCESS (LT05_L1TP_182036_19970105_20211127_02_T1) (3095),1170309,3095
,,0,2024-02-15T15:36:43.133238283Z,2024-03-16T15:36:43.133238283Z,2024-03-15T21:45:11.852055016Z,203.9042,docker_cpu_usage_pct,NFCORE_RANGELAND:RANGELAND:PREPROCESSING:FORCE_PREPROCESS (LT05_L1TP_182036_19970105_20211127_02_T1) (3095),NFCORE_RANGELAND:RANGELAND:PREPROCESSING:FORCE_PREPROCESS (LT05_L1TP_182036_19970105_20211127_02_T1) (3095),1170309,3095
,,0,2024-02-15T15:36:43.133238283Z,2024-03-16T15:36:43.133238283Z,2024-03-15T21:45:13.851488292Z,200.0593,docker_cpu_usage_pct,NFCORE_RANGELAND:RANGELAND:PREPROCESSING:FORCE_PREPROCESS (LT05_L1TP_182036_19970105_20211127_02_T1) (3095),NFCORE_RANGELAND:RANGELAND:PREPROCESSING:FORCE_PREPROCESS (LT05_L1TP_182036_19970105_20211127_02_T1) (3095),1170309,3095
,,0,2024-02-15T15:36:43.133238283Z,2024-03-16T15:36:43.133238283Z,2024-03-15T21:45:15.851862488Z,169.4357,docker_cpu_usage_pct,NFCORE_RANGELAND:RANGELAND:PREPROCESSING:FORCE_PREPROCESS (LT05_L1TP_182036_19970105_20211127_02_T1) (3095),NFCORE_RANGELAND:RANGELAND:PREPROCESSING:FORCE_PREPROCESS (LT05_L1TP_182036_19970105_20211127_02_T1) (3095),1170309,3095
,,0,2024-02-15T15:36:43.133238283Z,2024-03-16T15:36:43.133238283Z,2024-03-15T21:45:17.851483588Z,199.1233,docker_cpu_usage_pct,NFCORE_RANGELAND:RANGELAND:PREPROCESSING:FORCE_PREPROCESS (LT05_L1TP_182036_19970105_20211127_02_T1) (3095),NFCORE_RANGELAND:RANGELAND:PREPROCESSING:FORCE_PREPROCESS (LT05_L1TP_182036_19970105_20211127_02_T1) (3095),1170309,3095
,,0,2024-02-15T15:36:43.133238283Z,2024-03-16T15:36:43.133238283Z,2024-03-15T21:45:20.851924164Z,157.5327,docker_cpu_usage_pct,NFCORE_RANGELAND:RANGELAND:PREPROCESSING:FORCE_PREPROCESS (LT05_L1TP_182036_19970105_20211127_02_T1) (3095),NFCORE_RANGELAND:RANGELAND:PREPROCESSING:FORCE_PREPROCESS (LT05_L1TP_182036_19970105_20211127_02_T1) (3095),1170309,3095
,,0,2024-02-15T15:36:43.133238283Z,2024-03-16T15:36:43.133238283Z,2024-03-15T21:45:22.851756758Z,151.7792,docker_cpu_usage_pct,NFCORE_RANGELAND:RANGELAND:PREPROCESSING:FORCE_PREPROCESS (LT05_L1TP_182036_19970105_20211127_02_T1) (3095),NFCORE_RANGELAND:RANGELAND:PREPROCESSING:FORCE_PREPROCESS (LT05_L1TP_182036_19970105_20211127_02_T1) (3095),1170309,3095
,,0,2024-02-15T15:36:43.133238283Z,2024-03-16T15:36:43.133238283Z,2024-03-15T21:45:24.851906711Z,180.0341,docker_cpu_usage_pct,NFCORE_RANGELAND:RANGELAND:PREPROCESSING:FORCE_PREPROCESS (LT05_L1TP_182036_19970105_20211127_02_T1) (3095),NFCORE_RANGELAND:RANGELAND:PREPROCESSING:FORCE_PREPROCESS (LT05_L1TP_182036_19970105_20211127_02_T1) (3095),1170309,3095
,,0,2024-02-15T15:36:43.133238283Z,2024-03-16T15:36:43.133238283Z,2024-03-15T21:45:26.851597138Z,198.9504,docker_cpu_usage_pct,NFCORE_RANGELAND:RANGELAND:PREPROCESSING:FORCE_PREPROCESS (LT05_L1TP_182036_19970105_20211127_02_T1) (3095),NFCORE_RANGELAND:RANGELAND:PREPROCESSING:FORCE_PREPROCESS (LT05_L1TP_182036_19970105_20211127_02_T1) (3095),1170309,3095
,,0,2024-02-15T15:36:43.133238283Z,2024-03-16T15:36:43.133238283Z,2024-03-15T21:45:28.851105697Z,140.6624,docker_cpu_usage_pct,NFCORE_RANGELAND:RANGELAND:PREPROCESSING:FORCE_PREPROCESS (LT05_L1TP_182036_19970105_20211127_02_T1) (3095),NFCORE_RANGELAND:RANGELAND:PREPROCESSING:FORCE_PREPROCESS (LT05_L1TP_182036_19970105_20211127_02_T1) (3095),1170309,3095
,,0,2024-02-15T15:36:43.133238283Z,2024-03-16T15:36:43.133238283Z,2024-03-15T21:45:30.851932179Z,199.581,docker_cpu_usage_pct,NFCORE_RANGELAND:RANGELAND:PREPROCESSING:FORCE_PREPROCESS (LT05_L1TP_182036_19970105_20211127_02_T1) (3095),NFCORE_RANGELAND:RANGELAND:PREPROCESSING:FORCE_PREPROCESS (LT05_L1TP_182036_19970105_20211127_02_T1) (3095),1170309,3095
,,0,2024-02-15T15:36:43.133238283Z,2024-03-16T15:36:43.133238283Z,2024-03-15T21:45:32.851133436Z,198.442,docker_cpu_usage_pct,NFCORE_RANGELAND:RANGELAND:PREPROCESSING:FORCE_PREPROCESS (LT05_L1TP_182036_19970105_20211127_02_T1) (3095),NFCORE_RANGELAND:RANGELAND:PREPROCESSING:FORCE_PREPROCESS (LT05_L1TP_182036_19970105_20211127_02_T1) (3095),1170309,3095
,,0,2024-02-15T15:36:43.133238283Z,2024-03-16T15:36:43.133238283Z,2024-03-15T21:45:34.851684906Z,197.4079,docker_cpu_usage_pct,NFCORE_RANGELAND:RANGELAND:PREPROCESSING:FORCE_PREPROCESS (LT05_L1TP_182036_19970105_20211127_02_T1) (3095),NFCORE_RANGELAND:RANGELAND:PREPROCESSING:FORCE_PREPROCESS (LT05_L1TP_182036_19970105_20211127_02_T1) (3095),1170309,3095
,,0,2024-02-15T15:36:43.133238283Z,2024-03-16T15:36:43.133238283Z,2024-03-15T21:45:36.851143389Z,195.4621,docker_cpu_usage_pct,NFCORE_RANGELAND:RANGELAND:PREPROCESSING:FORCE_PREPROCESS (LT05_L1TP_182036_19970105_20211127_02_T1) (3095),NFCORE_RANGELAND:RANGELAND:PREPROCESSING:FORCE_PREPROCESS (LT05_L1TP_182036_19970105_20211127_02_T1) (3095),1170309,3095
,,0,2024-02-15T15:36:43.133238283Z,2024-03-16T15:36:43.133238283Z,2024-03-15T21:45:38.851699868Z,192.4166,docker_cpu_usage_pct,NFCORE_RANGELAND:RANGELAND:PREPROCESSING:FORCE_PREPROCESS (LT05_L1TP_182036_19970105_20211127_02_T1) (3095),NFCORE_RANGELAND:RANGELAND:PREPROCESSING:FORCE_PREPROCESS (LT05_L1TP_182036_19970105_20211127_02_T1) (3095),1170309,3095
,,0,2024-02-15T15:36:43.133238283Z,2024-03-16T15:36:43.133238283Z,2024-03-15T21:45:40.850939781Z,198.7893,docker_cpu_usage_pct,NFCORE_RANGELAND:RANGELAND:PREPROCESSING:FORCE_PREPROCESS (LT05_L1TP_182036_19970105_20211127_02_T1) (3095),NFCORE_RANGELAND:RANGELAND:PREPROCESSING:FORCE_PREPROCESS (LT05_L1TP_182036_19970105_20211127_02_T1) (3095),1170309,3095
,,0,2024-02-15T15:36:43.133238283Z,2024-03-16T15:36:43.133238283Z,2024-03-15T21:45:42.85129196Z,202.0285,docker_cpu_usage_pct,NFCORE_RANGELAND:RANGELAND:PREPROCESSING:FORCE_PREPROCESS (LT05_L1TP_182036_19970105_20211127_02_T1) (3095),NFCORE_RANGELAND:RANGELAND:PREPROCESSING:FORCE_PREPROCESS (LT05_L1TP_182036_19970105_20211127_02_T1) (3095),1170309,3095
,,0,2024-02-15T15:36:43.133238283Z,2024-03-16T15:36:43.133238283Z,2024-03-15T21:45:44.852055492Z,194.3797,docker_cpu_usage_pct,NFCORE_RANGELAND:RANGELAND:PREPROCESSING:FORCE_PREPROCESS (LT05_L1TP_182036_19970105_20211127_02_T1) (3095),NFCORE_RANGELAND:RANGELAND:PREPROCESSING:FORCE_PREPROCESS (LT05_L1TP_182036_19970105_20211127_02_T1) (3095),1170309,3095
,,0,2024-02-15T15:36:43.133238283Z,2024-03-16T15:36:43.133238283Z,2024-03-15T21:45:46.851738736Z,193.1616,docker_cpu_usage_pct,NFCORE_RANGELAND:RANGELAND:PREPROCESSING:FORCE_PREPROCESS (LT05_L1TP_182036_19970105_20211127_02_T1) (3095),NFCORE_RANGELAND:RANGELAND:PREPROCESSING:FORCE_PREPROCESS (LT05_L1TP_182036_19970105_20211127_02_T1) (3095),1170309,3095
,,0,2024-02-15T15:36:43.133238283Z,2024-03-16T15:36:43.133238283Z,2024-03-15T21:45:48.851069657Z,197.6833,docker_cpu_usage_pct,NFCORE_RANGELAND:RANGELAND:PREPROCESSING:FORCE_PREPROCESS (LT05_L1TP_182036_19970105_20211127_02_T1) (3095),NFCORE_RANGELAND:RANGELAND:PREPROCESSING:FORCE_PREPROCESS (LT05_L1TP_182036_19970105_20211127_02_T1) (3095),1170309,3095
,,0,2024-02-15T15:36:43.133238283Z,2024-03-16T15:36:43.133238283Z,2024-03-15T21:45:50.851774964Z,187.3829,docker_cpu_usage_pct,NFCORE_RANGELAND:RANGELAND:PREPROCESSING:FORCE_PREPROCESS (LT05_L1TP_182036_19970105_20211127_02_T1) (3095),NFCORE_RANGELAND:RANGELAND:PREPROCESSING:FORCE_PREPROCESS (LT05_L1TP_182036_19970105_20211127_02_T1) (3095),1170309,3095
,,0,2024-02-15T15:36:43.133238283Z,2024-03-16T15:36:43.133238283Z,2024-03-15T21:45:52.850952488Z,191.8535,docker_cpu_usage_pct,NFCORE_RANGELAND:RANGELAND:PREPROCESSING:FORCE_PREPROCESS (LT05_L1TP_182036_19970105_20211127_02_T1) (3095),NFCORE_RANGELAND:RANGELAND:PREPROCESSING:FORCE_PREPROCESS (LT05_L1TP_182036_19970105_20211127_02_T1) (3095),1170309,3095
,,0,2024-02-15T15:36:43.133238283Z,2024-03-16T15:36:43.133238283Z,2024-03-15T21:45:54.851578259Z,200.2516,docker_cpu_usage_pct,NFCORE_RANGELAND:RANGELAND:PREPROCESSING:FORCE_PREPROCESS (LT05_L1TP_182036_19970105_20211127_02_T1) (3095),NFCORE_RANGELAND:RANGELAND:PREPROCESSING:FORCE_PREPROCESS (LT05_L1TP_182036_19970105_20211127_02_T1) (3095),1170309,3095
,,0,2024-02-15T15:36:43.133238283Z,2024-03-16T15:36:43.133238283Z,2024-03-15T21:45:56.852001242Z,205.0388,docker_cpu_usage_pct,NFCORE_RANGELAND:RANGELAND:PREPROCESSING:FORCE_PREPROCESS (LT05_L1TP_182036_19970105_20211127_02_T1) (3095),NFCORE_RANGELAND:RANGELAND:PREPROCESSING:FORCE_PREPROCESS (LT05_L1TP_182036_19970105_20211127_02_T1) (3095),1170309,3095
,,0,2024-02-15T15:36:43.133238283Z,2024-03-16T15:36:43.133238283Z,2024-03-15T21:45:58.851728861Z,100.3049,docker_cpu_usage_pct,NFCORE_RANGELAND:RANGELAND:PREPROCESSING:FORCE_PREPROCESS (LT05_L1TP_182036_19970105_20211127_02_T1) (3095),NFCORE_RANGELAND:RANGELAND:PREPROCESSING:FORCE_PREPROCESS (LT05_L1TP_182036_19970105_20211127_02_T1) (3095),1170309,3095
,,0,2024-02-15T15:36:43.133238283Z,2024-03-16T15:36:43.133238283Z,2024-03-15T21:46:00.851420848Z,200.1555,docker_cpu_usage_pct,NFCORE_RANGELAND:RANGELAND:PREPROCESSING:FORCE_PREPROCESS (LT05_L1TP_182036_19970105_20211127_02_T1) (3095),NFCORE_RANGELAND:RANGELAND:PREPROCESSING:FORCE_PREPROCESS (LT05_L1TP_182036_19970105_20211127_02_T1) (3095),1170309,3095
,,0,2024-02-15T15:36:43.133238283Z,2024-03-16T15:36:43.133238283Z,2024-03-15T21:46:02.851792316Z,199.9237,docker_cpu_usage_pct,NFCORE_RANGELAND:RANGELAND:PREPROCESSING:FORCE_PREPROCESS (LT05_L1TP_182036_19970105_20211127_02_T1) (3095),NFCORE_RANGELAND:RANGELAND:PREPROCESSING:FORCE_PREPROCESS (LT05_L1TP_182036_19970105_20211127_02_T1) (3095),1170309,3095
,,0,2024-02-15T15:36:43.133238283Z,2024-03-16T15:36:43.133238283Z,2024-03-15T21:46:04.851394958Z,195.3703,docker_cpu_usage_pct,NFCORE_RANGELAND:RANGELAND:PREPROCESSING:FORCE_PREPROCESS (LT05_L1TP_182036_19970105_20211127_02_T1) (3095),NFCORE_RANGELAND:RANGELAND:PREPROCESSING:FORCE_PREPROCESS (LT05_L1TP_182036_19970105_20211127_02_T1) (3095),1170309,3095
,,0,2024-02-15T15:36:43.133238283Z,2024-03-16T15:36:43.133238283Z,2024-03-15T21:46:06.851879617Z,204.0376,docker_cpu_usage_pct,NFCORE_RANGELAND:RANGELAND:PREPROCESSING:FORCE_PREPROCESS (LT05_L1TP_182036_19970105_20211127_02_T1) (3095),NFCORE_RANGELAND:RANGELAND:PREPROCESSING:FORCE_PREPROCESS (LT05_L1TP_182036_19970105_20211127_02_T1) (3095),1170309,3095
,,0,2024-02-15T15:36:43.133238283Z,2024-03-16T15:36:43.133238283Z,2024-03-15T21:46:08.851479007Z,200.4919,docker_cpu_usage_pct,NFCORE_RANGELAND:RANGELAND:PREPROCESSING:FORCE_PREPROCESS (LT05_L1TP_182036_19970105_20211127_02_T1) (3095),NFCORE_RANGELAND:RANGELAND:PREPROCESSING:FORCE_PREPROCESS (LT05_L1TP_182036_19970105_20211127_02_T1) (3095),1170309,3095
,,0,2024-02-15T15:36:43.133238283Z,2024-03-16T15:36:43.133238283Z,2024-03-15T21:46:10.851877541Z,200.1273,docker_cpu_usage_pct,NFCORE_RANGELAND:RANGELAND:PREPROCESSING:FORCE_PREPROCESS (LT05_L1TP_182036_19970105_20211127_02_T1) (3095),NFCORE_RANGELAND:RANGELAND:PREPROCESSING:FORCE_PREPROCESS (LT05_L1TP_182036_19970105_20211127_02_T1) (3095),1170309,3095
,,0,2024-02-15T15:36:43.133238283Z,2024-03-16T15:36:43.133238283Z,2024-03-15T21:46:12.85153908Z,199.6697,docker_cpu_usage_pct,NFCORE_RANGELAND:RANGELAND:PREPROCESSING:FORCE_PREPROCESS (LT05_L1TP_182036_19970105_20211127_02_T1) (3095),NFCORE_RANGELAND:RANGELAND:PREPROCESSING:FORCE_PREPROCESS (LT05_L1TP_182036_19970105_20211127_02_T1) (3095),1170309,3095
,,0,2024-02-15T15:36:43.133238283Z,2024-03-16T15:36:43.133238283Z,2024-03-15T21:46:14.852281033Z,199.2595,docker_cpu_usage_pct,NFCORE_RANGELAND:RANGELAND:PREPROCESSING:FORCE_PREPROCESS (LT05_L1TP_182036_19970105_20211127_02_T1) (3095),NFCORE_RANGELAND:RANGELAND:PREPROCESSING:FORCE_PREPROCESS (LT05_L1TP_182036_19970105_20211127_02_T1) (3095),1170309,3095
,,0,2024-02-15T15:36:43.133238283Z,2024-03-16T15:36:43.133238283Z,2024-03-15T21:46:16.851582588Z,205.0388,docker_cpu_usage_pct,NFCORE_RANGELAND:RANGELAND:PREPROCESSING:FORCE_PREPROCESS (LT05_L1TP_182036_19970105_20211127_02_T1) (3095),NFCORE_RANGELAND:RANGELAND:PREPROCESSING:FORCE_PREPROCESS (LT05_L1TP_182036_19970105_20211127_02_T1) (3095),1170309,3095
,,0,2024-02-15T15:36:43.133238283Z,2024-03-16T15:36:43.133238283Z,2024-03-15T21:46:18.85112697Z,200.1133,docker_cpu_usage_pct,NFCORE_RANGELAND:RANGELAND:PREPROCESSING:FORCE_PREPROCESS (LT05_L1TP_182036_19970105_20211127_02_T1) (3095),NFCORE_RANGELAND:RANGELAND:PREPROCESSING:FORCE_PREPROCESS (LT05_L1TP_182036_19970105_20211127_02_T1) (3095),1170309,3095
,,0,2024-02-15T15:36:43.133238283Z,2024-03-16T15:36:43.133238283Z,2024-03-15T21:46:20.851657684Z,200.6121,docker_cpu_usage_pct,NFCORE_RANGELAND:RANGELAND:PREPROCESSING:FORCE_PREPROCESS (LT05_L1TP_182036_19970105_20211127_02_T1) (3095),NFCORE_RANGELAND:RANGELAND:PREPROCESSING:FORCE_PREPROCESS (LT05_L1TP_182036_19970105_20211127_02_T1) (3095),1170309,3095
,,0,2024-02-15T15:36:43.133238283Z,2024-03-16T15:36:43.133238283Z,2024-03-15T21:46:22.851198693Z,199.0483,docker_cpu_usage_pct,NFCORE_RANGELAND:RANGELAND:PREPROCESSING:FORCE_PREPROCESS (LT05_L1TP_182036_19970105_20211127_02_T1) (3095),NFCORE_RANGELAND:RANGELAND:PREPROCESSING:FORCE_PREPROCESS (LT05_L1TP_182036_19970105_20211127_02_T1) (3095),1170309,3095
,,0,2024-02-15T15:36:43.133238283Z,2024-03-16T15:36:43.133238283Z,2024-03-15T21:46:24.85160821Z,199.5729,docker_cpu_usage_pct,NFCORE_RANGELAND:RANGELAND:PREPROCESSING:FORCE_PREPROCESS (LT05_L1TP_182036_19970105_20211127_02_T1) (3095),NFCORE_RANGELAND:RANGELAND:PREPROCESSING:FORCE_PREPROCESS (LT05_L1TP_182036_19970105_20211127_02_T1) (3095),1170309,3095
,,0,2024-02-15T15:36:43.133238283Z,2024-03-16T15:36:43.133238283Z,2024-03-15T21:46:26.851259881Z,204.833,docker_cpu_usage_pct,NFCORE_RANGELAND:RANGELAND:PREPROCESSING:FORCE_PREPROCESS (LT05_L1TP_182036_19970105_20211127_02_T1) (3095),NFCORE_RANGELAND:RANGELAND:PREPROCESSING:FORCE_PREPROCESS (LT05_L1TP_182036_19970105_20211127_02_T1) (3095),1170309,3095
,,0,2024-02-15T15:36:43.133238283Z,2024-03-16T15:36:43.133238283Z,2024-03-15T21:46:28.851606164Z,199.5812,docker_cpu_usage_pct,NFCORE_RANGELAND:RANGELAND:PREPROCESSING:FORCE_PREPROCESS (LT05_L1TP_182036_19970105_20211127_02_T1) (3095),NFCORE_RANGELAND:RANGELAND:PREPROCESSING:FORCE_PREPROCESS (LT05_L1TP_182036_19970105_20211127_02_T1) (3095),1170309,3095
,,0,2024-02-15T15:36:43.133238283Z,2024-03-16T15:36:43.133238283Z,2024-03-15T21:46:30.851219582Z,201.05,docker_cpu_usage_pct,NFCORE_RANGELAND:RANGELAND:PREPROCESSING:FORCE_PREPROCESS (LT05_L1TP_182036_19970105_20211127_02_T1) (3095),NFCORE_RANGELAND:RANGELAND:PREPROCESSING:FORCE_PREPROCESS (LT05_L1TP_182036_19970105_20211127_02_T1) (3095),1170309,3095
,,0,2024-02-15T15:36:43.133238283Z,2024-03-16T15:36:43.133238283Z,2024-03-15T21:46:32.851610044Z,200.5128,docker_cpu_usage_pct,NFCORE_RANGELAND:RANGELAND:PREPROCESSING:FORCE_PREPROCESS (LT05_L1TP_182036_19970105_20211127_02_T1) (3095),NFCORE_RANGELAND:RANGELAND:PREPROCESSING:FORCE_PREPROCESS (LT05_L1TP_182036_19970105_20211127_02_T1) (3095),1170309,3095
,,0,2024-02-15T15:36:43.133238283Z,2024-03-16T15:36:43.133238283Z,2024-03-15T21:46:34.851321003Z,200.3062,docker_cpu_usage_pct,NFCORE_RANGELAND:RANGELAND:PREPROCESSING:FORCE_PREPROCESS (LT05_L1TP_182036_19970105_20211127_02_T1) (3095),NFCORE_RANGELAND:RANGELAND:PREPROCESSING:FORCE_PREPROCESS (LT05_L1TP_182036_19970105_20211127_02_T1) (3095),1170309,3095
,,0,2024-02-15T15:36:43.133238283Z,2024-03-16T15:36:43.133238283Z,2024-03-15T21:46:36.851802776Z,204.6602,docker_cpu_usage_pct,NFCORE_RANGELAND:RANGELAND:PREPROCESSING:FORCE_PREPROCESS (LT05_L1TP_182036_19970105_20211127_02_T1) (3095),NFCORE_RANGELAND:RANGELAND:PREPROCESSING:FORCE_PREPROCESS (LT05_L1TP_182036_19970105_20211127_02_T1) (3095),1170309,3095
,,0,2024-02-15T15:36:43.133238283Z,2024-03-16T15:36:43.133238283Z,2024-03-15T21:46:38.851567934Z,149.3162,docker_cpu_usage_pct,NFCORE_RANGELAND:RANGELAND:PREPROCESSING:FORCE_PREPROCESS (LT05_L1TP_182036_19970105_20211127_02_T1) (3095),NFCORE_RANGELAND:RANGELAND:PREPROCESSING:FORCE_PREPROCESS (LT05_L1TP_182036_19970105_20211127_02_T1) (3095),1170309,3095
,,0,2024-02-15T15:36:43.133238283Z,2024-03-16T15:36:43.133238283Z,2024-03-15T21:46:40.852179039Z,196.8305,docker_cpu_usage_pct,NFCORE_RANGELAND:RANGELAND:PREPROCESSING:FORCE_PREPROCESS (LT05_L1TP_182036_19970105_20211127_02_T1) (3095),NFCORE_RANGELAND:RANGELAND:PREPROCESSING:FORCE_PREPROCESS (LT05_L1TP_182036_19970105_20211127_02_T1) (3095),1170309,3095
,,0,2024-02-15T15:36:43.133238283Z,2024-03-16T15:36:43.133238283Z,2024-03-15T21:46:42.851506161Z,200.8473,docker_cpu_usage_pct,NFCORE_RANGELAND:RANGELAND:PREPROCESSING:FORCE_PREPROCESS (LT05_L1TP_182036_19970105_20211127_02_T1) (3095),NFCORE_RANGELAND:RANGELAND:PREPROCESSING:FORCE_PREPROCESS (LT05_L1TP_182036_19970105_20211127_02_T1) (3095),1170309,3095
,,0,2024-02-15T15:36:43.133238283Z,2024-03-16T15:36:43.133238283Z,2024-03-15T21:46:44.851943898Z,199.1572,docker_cpu_usage_pct,NFCORE_RANGELAND:RANGELAND:PREPROCESSING:FORCE_PREPROCESS (LT05_L1TP_182036_19970105_20211127_02_T1) (3095),NFCORE_RANGELAND:RANGELAND:PREPROCESSING:FORCE_PREPROCESS (LT05_L1TP_182036_19970105_20211127_02_T1) (3095),1170309,3095
,,0,2024-02-15T15:36:43.133238283Z,2024-03-16T15:36:43.133238283Z,2024-03-15T21:46:47.85146165Z,205.2607,docker_cpu_usage_pct,NFCORE_RANGELAND:RANGELAND:PREPROCESSING:FORCE_PREPROCESS (LT05_L1TP_182036_19970105_20211127_02_T1) (3095),NFCORE_RANGELAND:RANGELAND:PREPROCESSING:FORCE_PREPROCESS (LT05_L1TP_182036_19970105_20211127_02_T1) (3095),1170309,3095
,,0,2024-02-15T15:36:43.133238283Z,2024-03-16T15:36:43.133238283Z,2024-03-15T21:46:49.852135502Z,200.3045,docker_cpu_usage_pct,NFCORE_RANGELAND:RANGELAND:PREPROCESSING:FORCE_PREPROCESS (LT05_L1TP_182036_19970105_20211127_02_T1) (3095),NFCORE_RANGELAND:RANGELAND:PREPROCESSING:FORCE_PREPROCESS (LT05_L1TP_182036_19970105_20211127_02_T1) (3095),1170309,3095
,,0,2024-02-15T15:36:43.133238283Z,2024-03-16T15:36:43.133238283Z,2024-03-15T21:46:51.851643895Z,200.9017,docker_cpu_usage_pct,NFCORE_RANGELAND:RANGELAND:PREPROCESSING:FORCE_PREPROCESS (LT05_L1TP_182036_19970105_20211127_02_T1) (3095),NFCORE_RANGELAND:RANGELAND:PREPROCESSING:FORCE_PREPROCESS (LT05_L1TP_182036_19970105_20211127_02_T1) (3095),1170309,3095
,,0,2024-02-15T15:36:43.133238283Z,2024-03-16T15:36:43.133238283Z,2024-03-15T21:46:53.851122747Z,200.7772,docker_cpu_usage_pct,NFCORE_RANGELAND:RANGELAND:PREPROCESSING:FORCE_PREPROCESS (LT05_L1TP_182036_19970105_20211127_02_T1) (3095),NFCORE_RANGELAND:RANGELAND:PREPROCESSING:FORCE_PREPROCESS (LT05_L1TP_182036_19970105_20211127_02_T1) (3095),1170309,3095
,,0,2024-02-15T15:36:43.133238283Z,2024-03-16T15:36:43.133238283Z,2024-03-15T21:46:55.851690282Z,200.2515,docker_cpu_usage_pct,NFCORE_RANGELAND:RANGELAND:PREPROCESSING:FORCE_PREPROCESS (LT05_L1TP_182036_19970105_20211127_02_T1) (3095),NFCORE_RANGELAND:RANGELAND:PREPROCESSING:FORCE_PREPROCESS (LT05_L1TP_182036_19970105_20211127_02_T1) (3095),1170309,3095
,,0,2024-02-15T15:36:43.133238283Z,2024-03-16T15:36:43.133238283Z,2024-03-15T21:46:57.851231824Z,205.1952,docker_cpu_usage_pct,NFCORE_RANGELAND:RANGELAND:PREPROCESSING:FORCE_PREPROCESS (LT05_L1TP_182036_19970105_20211127_02_T1) (3095),NFCORE_RANGELAND:RANGELAND:PREPROCESSING:FORCE_PREPROCESS (LT05_L1TP_182036_19970105_20211127_02_T1) (3095),1170309,3095
,,0,2024-02-15T15:36:43.133238283Z,2024-03-16T15:36:43.133238283Z,2024-03-15T21:46:59.851643733Z,200.09,docker_cpu_usage_pct,NFCORE_RANGELAND:RANGELAND:PREPROCESSING:FORCE_PREPROCESS (LT05_L1TP_182036_19970105_20211127_02_T1) (3095),NFCORE_RANGELAND:RANGELAND:PREPROCESSING:FORCE_PREPROCESS (LT05_L1TP_182036_19970105_20211127_02_T1) (3095),1170309,3095
,,0,2024-02-15T15:36:43.133238283Z,2024-03-16T15:36:43.133238283Z,2024-03-15T21:47:01.85115097Z,199.271,docker_cpu_usage_pct,NFCORE_RANGELAND:RANGELAND:PREPROCESSING:FORCE_PREPROCESS (LT05_L1TP_182036_19970105_20211127_02_T1) (3095),NFCORE_RANGELAND:RANGELAND:PREPROCESSING:FORCE_PREPROCESS (LT05_L1TP_182036_19970105_20211127_02_T1) (3095),1170309,3095
,,0,2024-02-15T15:36:43.133238283Z,2024-03-16T15:36:43.133238283Z,2024-03-15T21:47:03.85162961Z,199.6404,docker_cpu_usage_pct,NFCORE_RANGELAND:RANGELAND:PREPROCESSING:FORCE_PREPROCESS (LT05_L1TP_182036_19970105_20211127_02_T1) (3095),NFCORE_RANGELAND:RANGELAND:PREPROCESSING:FORCE_PREPROCESS (LT05_L1TP_182036_19970105_20211127_02_T1) (3095),1170309,3095
,,0,2024-02-15T15:36:43.133238283Z,2024-03-16T15:36:43.133238283Z,2024-03-15T21:47:05.851129185Z,198.6029,docker_cpu_usage_pct,NFCORE_RANGELAND:RANGELAND:PREPROCESSING:FORCE_PREPROCESS (LT05_L1TP_182036_19970105_20211127_02_T1) (3095),NFCORE_RANGELAND:RANGELAND:PREPROCESSING:FORCE_PREPROCESS (LT05_L1TP_182036_19970105_20211127_02_T1) (3095),1170309,3095
,,0,2024-02-15T15:36:43.133238283Z,2024-03-16T15:36:43.133238283Z,2024-03-15T21:47:07.851631573Z,206.5686,docker_cpu_usage_pct,NFCORE_RANGELAND:RANGELAND:PREPROCESSING:FORCE_PREPROCESS (LT05_L1TP_182036_19970105_20211127_02_T1) (3095),NFCORE_RANGELAND:RANGELAND:PREPROCESSING:FORCE_PREPROCESS (LT05_L1TP_182036_19970105_20211127_02_T1) (3095),1170309,3095
,,0,2024-02-15T15:36:43.133238283Z,2024-03-16T15:36:43.133238283Z,2024-03-15T21:47:09.851295362Z,199.8865,docker_cpu_usage_pct,NFCORE_RANGELAND:RANGELAND:PREPROCESSING:FORCE_PREPROCESS (LT05_L1TP_182036_19970105_20211127_02_T1) (3095),NFCORE_RANGELAND:RANGELAND:PREPROCESSING:FORCE_PREPROCESS (LT05_L1TP_182036_19970105_20211127_02_T1) (3095),1170309,3095
,,0,2024-02-15T15:36:43.133238283Z,2024-03-16T15:36:43.133238283Z,2024-03-15T21:47:11.851604611Z,274.2758,docker_cpu_usage_pct,NFCORE_RANGELAND:RANGELAND:PREPROCESSING:FORCE_PREPROCESS (LT05_L1TP_182036_19970105_20211127_02_T1) (3095),NFCORE_RANGELAND:RANGELAND:PREPROCESSING:FORCE_PREPROCESS (LT05_L1TP_182036_19970105_20211127_02_T1) (3095),1170309,3095
